"Group","Condition","VariableStem","Code","CodeType"
"SCD complication","Acute chest syndrome","ACS","D57.01","ICD-10-CM diagnosis"
"SCD complication","Acute chest syndrome","ACS","D57.211","ICD-10-CM diagnosis"
"SCD complication","Acute chest syndrome","ACS","D57.411","ICD-10-CM diagnosis"
"SCD complication","Acute chest syndrome","ACS","D57.451","ICD-10-CM diagnosis"
"SCD complication","Acute chest syndrome","ACS","D57.811","ICD-10-CM diagnosis"
"SCD complication","Stroke","stroke","D57.03","ICD-10-CM diagnosis"
"SCD complication","Stroke","stroke","D57.213","ICD-10-CM diagnosis"
"SCD complication","Stroke","stroke","D57.413","ICD-10-CM diagnosis"
"SCD complication","Stroke","stroke","D57.813","ICD-10-CM diagnosis"
"SCD complication","Stroke","stroke","I60","ICD-10-CM diagnosis"
"SCD complication","Stroke","stroke","I61","ICD-10-CM diagnosis"
"SCD complication","Stroke","stroke","I62","ICD-10-CM diagnosis"
"SCD complication","Stroke","stroke","I63","ICD-10-CM diagnosis"
"SCD complication","Stroke","stroke","I65","ICD-10-CM diagnosis"
"SCD complication","Stroke","stroke","I66","ICD-10-CM diagnosis"
"SCD complication","Stroke","stroke","I67.82","ICD-10-CM diagnosis"
"SCD complication","Stroke","stroke","G46","ICD-10-CM diagnosis"
"SCD complication","Severe infection / sepsis","inf_sep","A02.1","ICD-10-CM diagnosis"
"SCD complication","Severe infection / sepsis","inf_sep","A26.7","ICD-10-CM diagnosis"
"SCD complication","Severe infection / sepsis","inf_sep","A32.7","ICD-10-CM diagnosis"
"SCD complication","Severe infection / sepsis","inf_sep","A40","ICD-10-CM diagnosis"
"SCD complication","Severe infection / sepsis","inf_sep","A41","ICD-10-CM diagnosis"
"SCD complication","Severe infection / sepsis","inf_sep","A42.7","ICD-10-CM diagnosis"
"SCD complication","Severe infection / sepsis","inf_sep","A54.89","ICD-10-CM diagnosis"
"SCD complication","Severe infection / sepsis","inf_sep","B37.7","ICD-10-CM diagnosis"
"SCD complication","Severe infection / sepsis","inf_sep","O03.37","ICD-10-CM diagnosis"
"SCD complication","Severe infection / sepsis","inf_sep","O03.87","ICD-10-CM diagnosis"
"SCD complication","Severe infection / sepsis","inf_sep","O04.88","ICD-10-CM diagnosis"
"SCD complication","Severe infection / sepsis","inf_sep","O08.82","ICD-10-CM diagnosis"
"SCD complication","Severe infection / sepsis","inf_sep","O08.82","ICD-10-CM diagnosis"
"SCD complication","Severe infection / sepsis","inf_sep","O85","ICD-10-CM diagnosis"
"SCD complication","Severe infection / sepsis","inf_sep","O86.04","ICD-10-CM diagnosis"
"SCD complication","Severe infection / sepsis","inf_sep","R65.20","ICD-10-CM diagnosis"
"SCD complication","Severe infection / sepsis","inf_sep","R65.21","ICD-10-CM diagnosis"
"SCD complication","Severe infection / sepsis","inf_sep","N39.0","ICD-10-CM diagnosis"
"SCD complication","Severe infection / sepsis","inf_sep","T8143XA","ICD-10-CM diagnosis"
"SCD complication","Severe infection / sepsis","inf_sep","T8144XD","ICD-10-CM diagnosis"
"SCD complication","Severe infection / sepsis","inf_sep","T8144XS","ICD-10-CM diagnosis"
"SCD complication","Splenic sequestration","sple_seq","D57.02","ICD-10-CM diagnosis"
"SCD complication","Splenic sequestration","sple_seq","D57.212","ICD-10-CM diagnosis"
"SCD complication","Splenic sequestration","sple_seq","D57.412","ICD-10-CM diagnosis"
"SCD complication","Splenic sequestration","sple_seq","D57.432","ICD-10-CM diagnosis"
"SCD complication","Splenic sequestration","sple_seq","D57.452","ICD-10-CM diagnosis"
"SCD complication","Splenic sequestration","sple_seq","D57.812","ICD-10-CM diagnosis"
"SCD complication","Splenic sequestration","sple_seq","D73.5","ICD-10-CM diagnosis"
"SCD complication","Aplastic crisis","apl_crisis","D57.00","ICD-10-CM diagnosis"
"SCD complication","Aplastic crisis","apl_crisis","D57.09","ICD-10-CM diagnosis"
"SCD complication","Aplastic crisis","apl_crisis","D57.218","ICD-10-CM diagnosis"
"SCD complication","Aplastic crisis","apl_crisis","D57.219","ICD-10-CM diagnosis"
"SCD complication","Aplastic crisis","apl_crisis","D57.40","ICD-10-CM diagnosis"
"SCD complication","Aplastic crisis","apl_crisis","D57.418","ICD-10-CM diagnosis"
"SCD complication","Aplastic crisis","apl_crisis","D57.419","ICD-10-CM diagnosis"
"SCD complication","Aplastic crisis","apl_crisis","D57.358","ICD-10-CM diagnosis"
"SCD complication","Aplastic crisis","apl_crisis","D57.359","ICD-10-CM diagnosis"
"SCD complication","Aplastic crisis","apl_crisis","D57.458","ICD-10-CM diagnosis"
"SCD complication","Aplastic crisis","apl_crisis","D57.459","ICD-10-CM diagnosis"
"SCD complication","Aplastic crisis","apl_crisis","D57.818","ICD-10-CM diagnosis"
"SCD complication","Aplastic crisis","apl_crisis","D57.819","ICD-10-CM diagnosis"
"SCD complication","Aplastic crisis","apl_crisis","D60.1","ICD-10-CM diagnosis"
"SCD complication","Priapism","priapism","N48.30","ICD-10-CM diagnosis"
"SCD complication","Priapism","priapism","N48.32","ICD-10-CM diagnosis"
"SCD complication","Priapism","priapism","N48.33","ICD-10-CM diagnosis"
"SCD complication","Priapism","priapism","N48.39","ICD-10-CM diagnosis"
"SCD complication","Acute anemia / hemolytic crisis","a_anemia","D59.3","ICD-10-CM diagnosis"
"SCD complication","Acute anemia / hemolytic crisis","a_anemia","D59.30","ICD-10-CM diagnosis"
"SCD complication","Acute anemia / hemolytic crisis","a_anemia","D59.31","ICD-10-CM diagnosis"
"SCD complication","Acute anemia / hemolytic crisis","a_anemia","D59.32","ICD-10-CM diagnosis"
"SCD complication","Acute anemia / hemolytic crisis","a_anemia","D59.39","ICD-10-CM diagnosis"
"SCD complication","Acute anemia / hemolytic crisis","a_anemia","D59.4","ICD-10-CM diagnosis"
"SCD complication","Acute anemia / hemolytic crisis","a_anemia","D59.8","ICD-10-CM diagnosis"
"SCD complication","Acute anemia / hemolytic crisis","a_anemia","D59.9","ICD-10-CM diagnosis"
"SCD complication","Acute anemia / hemolytic crisis","a_anemia","D60.8","ICD-10-CM diagnosis"
"SCD complication","Acute anemia / hemolytic crisis","a_anemia","D60.9","ICD-10-CM diagnosis"
"SCD complication","Chronic kidney disease","CKD","I12.9","ICD-10-CM diagnosis"
"SCD complication","Chronic kidney disease","CKD","I13.0","ICD-10-CM diagnosis"
"SCD complication","Chronic kidney disease","CKD","I13.10","ICD-10-CM diagnosis"
"SCD complication","Chronic kidney disease","CKD","I13.11","ICD-10-CM diagnosis"
"SCD complication","Chronic kidney disease","CKD","I13.2","ICD-10-CM diagnosis"
"SCD complication","Chronic kidney disease","CKD","N18.1","ICD-10-CM diagnosis"
"SCD complication","Chronic kidney disease","CKD","N18.2","ICD-10-CM diagnosis"
"SCD complication","Chronic kidney disease","CKD","N18.3","ICD-10-CM diagnosis"
"SCD complication","Chronic kidney disease","CKD","N18.30","ICD-10-CM diagnosis"
"SCD complication","Chronic kidney disease","CKD","N18.31","ICD-10-CM diagnosis"
"SCD complication","Chronic kidney disease","CKD","N18.32","ICD-10-CM diagnosis"
"SCD complication","Chronic kidney disease","CKD","N18.4","ICD-10-CM diagnosis"
"SCD complication","Chronic kidney disease","CKD","N18.5","ICD-10-CM diagnosis"
"SCD complication","Chronic kidney disease","CKD","N18.6","ICD-10-CM diagnosis"
"SCD complication","Chronic kidney disease","CKD","N18.9","ICD-10-CM diagnosis"
"SCD complication","Chronic kidney disease","CKD","D63.1","ICD-10-CM diagnosis"
"SCD complication","Vaso-occlusive episode / pain crisis","VOE","D57.00","ICD-10-CM diagnosis"
"SCD complication","Vaso-occlusive episode / pain crisis","VOE","D57.09","ICD-10-CM diagnosis"
"SCD complication","Vaso-occlusive episode / pain crisis","VOE","D57.218","ICD-10-CM diagnosis"
"SCD complication","Vaso-occlusive episode / pain crisis","VOE","D57.219","ICD-10-CM diagnosis"
"SCD complication","Vaso-occlusive episode / pain crisis","VOE","D57.40","ICD-10-CM diagnosis"
"SCD complication","Vaso-occlusive episode / pain crisis","VOE","D57.418","ICD-10-CM diagnosis"
"SCD complication","Vaso-occlusive episode / pain crisis","VOE","D57.419","ICD-10-CM diagnosis"
"SCD complication","Vaso-occlusive episode / pain crisis","VOE","D57.458","ICD-10-CM diagnosis"
"SCD complication","Vaso-occlusive episode / pain crisis","VOE","D57.459","ICD-10-CM diagnosis"
"SCD complication","Vaso-occlusive episode / pain crisis","VOE","D57.818","ICD-10-CM diagnosis"
"SCD complication","Vaso-occlusive episode / pain crisis","VOE","D57.819","ICD-10-CM diagnosis"
"SCD complication","Venous thromboembolism","VTE","I26","ICD-10-CM diagnosis"
"SCD complication","Venous thromboembolism","VTE","I80","ICD-10-CM diagnosis"
"SCD complication","Venous thromboembolism","VTE","I82","ICD-10-CM diagnosis"
"SCD complication","Avascular necrosis","Ava_nec","M87","ICD-10-CM diagnosis"
"SCD complication","Pulmonary hypertension","pulm_hyp","I27","ICD-10-CM diagnosis"
"Severe Maternal Morbidity (diagnosis)","Acute myocardial infarction","AMI","I21","ICD-10-CM diagnosis"
"Severe Maternal Morbidity (diagnosis)","Acute myocardial infarction","AMI","I22","ICD-10-CM diagnosis"
"Severe Maternal Morbidity (diagnosis)","Aneurysm","aneurysm","I71","ICD-10-CM diagnosis"
"Severe Maternal Morbidity (diagnosis)","Aneurysm","aneurysm","I79.0","ICD-10-CM diagnosis"
"Severe Maternal Morbidity (diagnosis)","Acute renal failure","ARF","N17","ICD-10-CM diagnosis"
"Severe Maternal Morbidity (diagnosis)","Acute renal failure","ARF","O90.4","ICD-10-CM diagnosis"
"Severe Maternal Morbidity (diagnosis)","Acute respiratory distress syndrome","ARDS","J80","ICD-10-CM diagnosis"
"Severe Maternal Morbidity (diagnosis)","Acute respiratory distress syndrome","ARDS","J95.1","ICD-10-CM diagnosis"
"Severe Maternal Morbidity (diagnosis)","Acute respiratory distress syndrome","ARDS","J95.2","ICD-10-CM diagnosis"
"Severe Maternal Morbidity (diagnosis)","Acute respiratory distress syndrome","ARDS","J95.3","ICD-10-CM diagnosis"
"Severe Maternal Morbidity (diagnosis)","Acute respiratory distress syndrome","ARDS","J95.82","ICD-10-CM diagnosis"
"Severe Maternal Morbidity (diagnosis)","Acute respiratory distress syndrome","ARDS","J96.0","ICD-10-CM diagnosis"
"Severe Maternal Morbidity (diagnosis)","Acute respiratory distress syndrome","ARDS","J96.2","ICD-10-CM diagnosis"
"Severe Maternal Morbidity (diagnosis)","Acute respiratory distress syndrome","ARDS","J96.9","ICD-10-CM diagnosis"
"Severe Maternal Morbidity (diagnosis)","Acute respiratory distress syndrome","ARDS","R06.03","ICD-10-CM diagnosis"
"Severe Maternal Morbidity (diagnosis)","Acute respiratory distress syndrome","ARDS","R09.2","ICD-10-CM diagnosis"
"Severe Maternal Morbidity (diagnosis)","Amniotic fluid embolism","AFE","O88.112","ICD-10-CM diagnosis"
"Severe Maternal Morbidity (diagnosis)","Amniotic fluid embolism","AFE","O88.113","ICD-10-CM diagnosis"
"Severe Maternal Morbidity (diagnosis)","Amniotic fluid embolism","AFE","O88.119","ICD-10-CM diagnosis"
"Severe Maternal Morbidity (diagnosis)","Amniotic fluid embolism","AFE","O88.12","ICD-10-CM diagnosis"
"Severe Maternal Morbidity (diagnosis)","Amniotic fluid embolism","AFE","O88.13","ICD-10-CM diagnosis"
"Severe Maternal Morbidity (diagnosis)","Cardiac arrest / ventricular fibrillation","vfib","I46","ICD-10-CM diagnosis"
"Severe Maternal Morbidity (diagnosis)","Cardiac arrest / ventricular fibrillation","vfib","I49.0","ICD-10-CM diagnosis"
"Severe Maternal Morbidity (procedure)","Conversion of cardiac rhythm","card_rhy","5A12012","ICD-10-PCS procedure"
"Severe Maternal Morbidity (procedure)","Conversion of cardiac rhythm","card_rhy","5A2204Z","ICD-10-PCS procedure"
"Severe Maternal Morbidity (diagnosis)","Disseminated intravascular coagulation","DIC","D65","ICD-10-CM diagnosis"
"Severe Maternal Morbidity (diagnosis)","Disseminated intravascular coagulation","DIC","D68.8","ICD-10-CM diagnosis"
"Severe Maternal Morbidity (diagnosis)","Disseminated intravascular coagulation","DIC","D68.9","ICD-10-CM diagnosis"
"Severe Maternal Morbidity (diagnosis)","Disseminated intravascular coagulation","DIC","O45.002","ICD-10-CM diagnosis"
"Severe Maternal Morbidity (diagnosis)","Disseminated intravascular coagulation","DIC","O45.003","ICD-10-CM diagnosis"
"Severe Maternal Morbidity (diagnosis)","Disseminated intravascular coagulation","DIC","O45.009","ICD-10-CM diagnosis"
"Severe Maternal Morbidity (diagnosis)","Disseminated intravascular coagulation","DIC","O45.012","ICD-10-CM diagnosis"
"Severe Maternal Morbidity (diagnosis)","Disseminated intravascular coagulation","DIC","O45.013","ICD-10-CM diagnosis"
"Severe Maternal Morbidity (diagnosis)","Disseminated intravascular coagulation","DIC","O45.019","ICD-10-CM diagnosis"
"Severe Maternal Morbidity (diagnosis)","Disseminated intravascular coagulation","DIC","O45.022","ICD-10-CM diagnosis"
"Severe Maternal Morbidity (diagnosis)","Disseminated intravascular coagulation","DIC","O45.023","ICD-10-CM diagnosis"
"Severe Maternal Morbidity (diagnosis)","Disseminated intravascular coagulation","DIC","O45.029","ICD-10-CM diagnosis"
"Severe Maternal Morbidity (diagnosis)","Disseminated intravascular coagulation","DIC","O45.092","ICD-10-CM diagnosis"
"Severe Maternal Morbidity (diagnosis)","Disseminated intravascular coagulation","DIC","O45.093","ICD-10-CM diagnosis"
"Severe Maternal Morbidity (diagnosis)","Disseminated intravascular coagulation","DIC","O45.099","ICD-10-CM diagnosis"
"Severe Maternal Morbidity (diagnosis)","Disseminated intravascular coagulation","DIC","O46.002","ICD-10-CM diagnosis"
"Severe Maternal Morbidity (diagnosis)","Disseminated intravascular coagulation","DIC","O46.003","ICD-10-CM diagnosis"
"Severe Maternal Morbidity (diagnosis)","Disseminated intravascular coagulation","DIC","O46.009","ICD-10-CM diagnosis"
"Severe Maternal Morbidity (diagnosis)","Disseminated intravascular coagulation","DIC","O46.012","ICD-10-CM diagnosis"
"Severe Maternal Morbidity (diagnosis)","Disseminated intravascular coagulation","DIC","O46.013","ICD-10-CM diagnosis"
"Severe Maternal Morbidity (diagnosis)","Disseminated intravascular coagulation","DIC","O46.019","ICD-10-CM diagnosis"
"Severe Maternal Morbidity (diagnosis)","Disseminated intravascular coagulation","DIC","O46.022","ICD-10-CM diagnosis"
"Severe Maternal Morbidity (diagnosis)","Disseminated intravascular coagulation","DIC","O46.023","ICD-10-CM diagnosis"
"Severe Maternal Morbidity (diagnosis)","Disseminated intravascular coagulation","DIC","O46.029","ICD-10-CM diagnosis"
"Severe Maternal Morbidity (diagnosis)","Disseminated intravascular coagulation","DIC","O46.092","ICD-10-CM diagnosis"
"Severe Maternal Morbidity (diagnosis)","Disseminated intravascular coagulation","DIC","O46.093","ICD-10-CM diagnosis"
"Severe Maternal Morbidity (diagnosis)","Disseminated intravascular coagulation","DIC","O46.099","ICD-10-CM diagnosis"
"Severe Maternal Morbidity (diagnosis)","Disseminated intravascular coagulation","DIC","O67.0","ICD-10-CM diagnosis"
"Severe Maternal Morbidity (diagnosis)","Disseminated intravascular coagulation","DIC","O72.3","ICD-10-CM diagnosis"
"Severe Maternal Morbidity (procedure)","Blood transfusion","bld_trnsf","30230H0","ICD-10-PCS procedure"
"Severe Maternal Morbidity (procedure)","Blood transfusion","bld_trnsf","30230K0","ICD-10-PCS procedure"
"Severe Maternal Morbidity (procedure)","Blood transfusion","bld_trnsf","30230L0","ICD-10-PCS procedure"
"Severe Maternal Morbidity (procedure)","Blood transfusion","bld_trnsf","30230M0","ICD-10-PCS procedure"
"Severe Maternal Morbidity (procedure)","Blood transfusion","bld_trnsf","30230N0","ICD-10-PCS procedure"
"Severe Maternal Morbidity (procedure)","Blood transfusion","bld_trnsf","30230P0","ICD-10-PCS procedure"
"Severe Maternal Morbidity (procedure)","Blood transfusion","bld_trnsf","30230R0","ICD-10-PCS procedure"
"Severe Maternal Morbidity (procedure)","Blood transfusion","bld_trnsf","30230T0","ICD-10-PCS procedure"
"Severe Maternal Morbidity (procedure)","Blood transfusion","bld_trnsf","30230H1","ICD-10-PCS procedure"
"Severe Maternal Morbidity (procedure)","Blood transfusion","bld_trnsf","30230K1","ICD-10-PCS procedure"
"Severe Maternal Morbidity (procedure)","Blood transfusion","bld_trnsf","30230L1","ICD-10-PCS procedure"
"Severe Maternal Morbidity (procedure)","Blood transfusion","bld_trnsf","30230M1","ICD-10-PCS procedure"
"Severe Maternal Morbidity (procedure)","Blood transfusion","bld_trnsf","30230N1","ICD-10-PCS procedure"
"Severe Maternal Morbidity (procedure)","Blood transfusion","bld_trnsf","30230P1","ICD-10-PCS procedure"
"Severe Maternal Morbidity (procedure)","Blood transfusion","bld_trnsf","30230R1","ICD-10-PCS procedure"
"Severe Maternal Morbidity (procedure)","Blood transfusion","bld_trnsf","30230T1","ICD-10-PCS procedure"
"Severe Maternal Morbidity (procedure)","Blood transfusion","bld_trnsf","30233H0","ICD-10-PCS procedure"
"Severe Maternal Morbidity (procedure)","Blood transfusion","bld_trnsf","30233K0","ICD-10-PCS procedure"
"Severe Maternal Morbidity (procedure)","Blood transfusion","bld_trnsf","30233L0","ICD-10-PCS procedure"
"Severe Maternal Morbidity (procedure)","Blood transfusion","bld_trnsf","30233M0","ICD-10-PCS procedure"
"Severe Maternal Morbidity (procedure)","Blood transfusion","bld_trnsf","30233N0","ICD-10-PCS procedure"
"Severe Maternal Morbidity (procedure)","Blood transfusion","bld_trnsf","30233P0","ICD-10-PCS procedure"
"Severe Maternal Morbidity (procedure)","Blood transfusion","bld_trnsf","30233R0","ICD-10-PCS procedure"
"Severe Maternal Morbidity (procedure)","Blood transfusion","bld_trnsf","30233T0","ICD-10-PCS procedure"
"Severe Maternal Morbidity (procedure)","Blood transfusion","bld_trnsf","30233H1","ICD-10-PCS procedure"
"Severe Maternal Morbidity (procedure)","Blood transfusion","bld_trnsf","30233K1","ICD-10-PCS procedure"
"Severe Maternal Morbidity (procedure)","Blood transfusion","bld_trnsf","30233L1","ICD-10-PCS procedure"
"Severe Maternal Morbidity (procedure)","Blood transfusion","bld_trnsf","30233M1","ICD-10-PCS procedure"
"Severe Maternal Morbidity (procedure)","Blood transfusion","bld_trnsf","30233N1","ICD-10-PCS procedure"
"Severe Maternal Morbidity (procedure)","Blood transfusion","bld_trnsf","30233P1","ICD-10-PCS procedure"
"Severe Maternal Morbidity (procedure)","Blood transfusion","bld_trnsf","30233R1","ICD-10-PCS procedure"
"Severe Maternal Morbidity (procedure)","Blood transfusion","bld_trnsf","30233T1","ICD-10-PCS procedure"
"Severe Maternal Morbidity (procedure)","Blood transfusion","bld_trnsf","30240H0","ICD-10-PCS procedure"
"Severe Maternal Morbidity (procedure)","Blood transfusion","bld_trnsf","30240K0","ICD-10-PCS procedure"
"Severe Maternal Morbidity (procedure)","Blood transfusion","bld_trnsf","30240L0","ICD-10-PCS procedure"
"Severe Maternal Morbidity (procedure)","Blood transfusion","bld_trnsf","30240M0","ICD-10-PCS procedure"
"Severe Maternal Morbidity (procedure)","Blood transfusion","bld_trnsf","30240N0","ICD-10-PCS procedure"
"Severe Maternal Morbidity (procedure)","Blood transfusion","bld_trnsf","30240P0","ICD-10-PCS procedure"
"Severe Maternal Morbidity (procedure)","Blood transfusion","bld_trnsf","30240R0","ICD-10-PCS procedure"
"Severe Maternal Morbidity (procedure)","Blood transfusion","bld_trnsf","30240T0","ICD-10-PCS procedure"
"Severe Maternal Morbidity (procedure)","Blood transfusion","bld_trnsf","30240H1","ICD-10-PCS procedure"
"Severe Maternal Morbidity (procedure)","Blood transfusion","bld_trnsf","30240K1","ICD-10-PCS procedure"
"Severe Maternal Morbidity (procedure)","Blood transfusion","bld_trnsf","30240L1","ICD-10-PCS procedure"
"Severe Maternal Morbidity (procedure)","Blood transfusion","bld_trnsf","30240M1","ICD-10-PCS procedure"
"Severe Maternal Morbidity (procedure)","Blood transfusion","bld_trnsf","30240N1","ICD-10-PCS procedure"
"Severe Maternal Morbidity (procedure)","Blood transfusion","bld_trnsf","30240P1","ICD-10-PCS procedure"
"Severe Maternal Morbidity (procedure)","Blood transfusion","bld_trnsf","30240R1","ICD-10-PCS procedure"
"Severe Maternal Morbidity (procedure)","Blood transfusion","bld_trnsf","30240T1","ICD-10-PCS procedure"
"Severe Maternal Morbidity (procedure)","Blood transfusion","bld_trnsf","30243H0","ICD-10-PCS procedure"
"Severe Maternal Morbidity (procedure)","Blood transfusion","bld_trnsf","30243K0","ICD-10-PCS procedure"
"Severe Maternal Morbidity (procedure)","Blood transfusion","bld_trnsf","30243L0","ICD-10-PCS procedure"
"Severe Maternal Morbidity (procedure)","Blood transfusion","bld_trnsf","30243M0","ICD-10-PCS procedure"
"Severe Maternal Morbidity (procedure)","Blood transfusion","bld_trnsf","30243N0","ICD-10-PCS procedure"
"Severe Maternal Morbidity (procedure)","Blood transfusion","bld_trnsf","30243P0","ICD-10-PCS procedure"
"Severe Maternal Morbidity (procedure)","Blood transfusion","bld_trnsf","30243R0","ICD-10-PCS procedure"
"Severe Maternal Morbidity (procedure)","Blood transfusion","bld_trnsf","30243T0","ICD-10-PCS procedure"
"Severe Maternal Morbidity (procedure)","Blood transfusion","bld_trnsf","30243H1","ICD-10-PCS procedure"
"Severe Maternal Morbidity (procedure)","Blood transfusion","bld_trnsf","30243K1","ICD-10-PCS procedure"
"Severe Maternal Morbidity (procedure)","Blood transfusion","bld_trnsf","30243L1","ICD-10-PCS procedure"
"Severe Maternal Morbidity (procedure)","Blood transfusion","bld_trnsf","30243M1","ICD-10-PCS procedure"
"Severe Maternal Morbidity (procedure)","Blood transfusion","bld_trnsf","30243N1","ICD-10-PCS procedure"
"Severe Maternal Morbidity (procedure)","Blood transfusion","bld_trnsf","30243P1","ICD-10-PCS procedure"
"Severe Maternal Morbidity (procedure)","Blood transfusion","bld_trnsf","30243R1","ICD-10-PCS procedure"
"Severe Maternal Morbidity (procedure)","Blood transfusion","bld_trnsf","30243T1","ICD-10-PCS procedure"
"Severe Maternal Morbidity (diagnosis)","Eclampsia","eclmp","O15","ICD-10-CM diagnosis"
"Severe Maternal Morbidity (diagnosis)","Heart failure or arrest during procedure","ht_atk","I97.120","ICD-10-CM diagnosis"
"Severe Maternal Morbidity (diagnosis)","Heart failure or arrest during procedure","ht_atk","I97.121","ICD-10-CM diagnosis"
"Severe Maternal Morbidity (diagnosis)","Heart failure or arrest during procedure","ht_atk","I97.130","ICD-10-CM diagnosis"
"Severe Maternal Morbidity (diagnosis)","Heart failure or arrest during procedure","ht_atk","I97.131","ICD-10-CM diagnosis"
"Severe Maternal Morbidity (diagnosis)","Heart failure or arrest during procedure","ht_atk","I97.710","ICD-10-CM diagnosis"
"Severe Maternal Morbidity (diagnosis)","Heart failure or arrest during procedure","ht_atk","I97.711","ICD-10-CM diagnosis"
"Severe Maternal Morbidity (diagnosis)","Puerperal cerebrovascular disorders","PC","A81.2","ICD-10-CM diagnosis"
"Severe Maternal Morbidity (diagnosis)","Puerperal cerebrovascular disorders","PC","G45","ICD-10-CM diagnosis"
"Severe Maternal Morbidity (diagnosis)","Puerperal cerebrovascular disorders","PC","G46","ICD-10-CM diagnosis"
"Severe Maternal Morbidity (diagnosis)","Puerperal cerebrovascular disorders","PC","G93.49","ICD-10-CM diagnosis"
"Severe Maternal Morbidity (diagnosis)","Puerperal cerebrovascular disorders","PC","H34.0","ICD-10-CM diagnosis"
"Severe Maternal Morbidity (diagnosis)","Puerperal cerebrovascular disorders","PC","I60","ICD-10-CM diagnosis"
"Severe Maternal Morbidity (diagnosis)","Puerperal cerebrovascular disorders","PC","I61","ICD-10-CM diagnosis"
"Severe Maternal Morbidity (diagnosis)","Puerperal cerebrovascular disorders","PC","I62","ICD-10-CM diagnosis"
"Severe Maternal Morbidity (diagnosis)","Puerperal cerebrovascular disorders","PC","I63.00","ICD-10-CM diagnosis"
"Severe Maternal Morbidity (diagnosis)","Puerperal cerebrovascular disorders","PC","I63.01","ICD-10-CM diagnosis"
"Severe Maternal Morbidity (diagnosis)","Puerperal cerebrovascular disorders","PC","I63.1","ICD-10-CM diagnosis"
"Severe Maternal Morbidity (diagnosis)","Puerperal cerebrovascular disorders","PC","I63.2","ICD-10-CM diagnosis"
"Severe Maternal Morbidity (diagnosis)","Puerperal cerebrovascular disorders","PC","I63.3","ICD-10-CM diagnosis"
"Severe Maternal Morbidity (diagnosis)","Puerperal cerebrovascular disorders","PC","I63.4","ICD-10-CM diagnosis"
"Severe Maternal Morbidity (diagnosis)","Puerperal cerebrovascular disorders","PC","I63.5","ICD-10-CM diagnosis"
"Severe Maternal Morbidity (diagnosis)","Puerperal cerebrovascular disorders","PC","I63.6","ICD-10-CM diagnosis"
"Severe Maternal Morbidity (diagnosis)","Puerperal cerebrovascular disorders","PC","I63.8","ICD-10-CM diagnosis"
"Severe Maternal Morbidity (diagnosis)","Puerperal cerebrovascular disorders","PC","I63.9","ICD-10-CM diagnosis"
"Severe Maternal Morbidity (diagnosis)","Puerperal cerebrovascular disorders","PC","I65","ICD-10-CM diagnosis"
"Severe Maternal Morbidity (diagnosis)","Puerperal cerebrovascular disorders","PC","I66","ICD-10-CM diagnosis"
"Severe Maternal Morbidity (diagnosis)","Puerperal cerebrovascular disorders","PC","I67","ICD-10-CM diagnosis"
"Severe Maternal Morbidity (diagnosis)","Puerperal cerebrovascular disorders","PC","I68","ICD-10-CM diagnosis"
"Severe Maternal Morbidity (diagnosis)","Puerperal cerebrovascular disorders","PC","O22.50","ICD-10-CM diagnosis"
"Severe Maternal Morbidity (diagnosis)","Puerperal cerebrovascular disorders","PC","O22.52","ICD-10-CM diagnosis"
"Severe Maternal Morbidity (diagnosis)","Puerperal cerebrovascular disorders","PC","O22.53","ICD-10-CM diagnosis"
"Severe Maternal Morbidity (diagnosis)","Puerperal cerebrovascular disorders","PC","I97.810","ICD-10-CM diagnosis"
"Severe Maternal Morbidity (diagnosis)","Puerperal cerebrovascular disorders","PC","I97.811","ICD-10-CM diagnosis"
"Severe Maternal Morbidity (diagnosis)","Puerperal cerebrovascular disorders","PC","I97.820","ICD-10-CM diagnosis"
"Severe Maternal Morbidity (diagnosis)","Puerperal cerebrovascular disorders","PC","I97.821","ICD-10-CM diagnosis"
"Severe Maternal Morbidity (diagnosis)","Puerperal cerebrovascular disorders","PC","O87.3","ICD-10-CM diagnosis"
"Severe Maternal Morbidity (diagnosis)","Pulmonary edema / acute heart failure","PE","I50.1","ICD-10-CM diagnosis"
"Severe Maternal Morbidity (diagnosis)","Pulmonary edema / acute heart failure","PE","I50.20","ICD-10-CM diagnosis"
"Severe Maternal Morbidity (diagnosis)","Pulmonary edema / acute heart failure","PE","I50.21","ICD-10-CM diagnosis"
"Severe Maternal Morbidity (diagnosis)","Pulmonary edema / acute heart failure","PE","I50.23","ICD-10-CM diagnosis"
"Severe Maternal Morbidity (diagnosis)","Pulmonary edema / acute heart failure","PE","I50.30","ICD-10-CM diagnosis"
"Severe Maternal Morbidity (diagnosis)","Pulmonary edema / acute heart failure","PE","I50.31","ICD-10-CM diagnosis"
"Severe Maternal Morbidity (diagnosis)","Pulmonary edema / acute heart failure","PE","I50.33","ICD-10-CM diagnosis"
"Severe Maternal Morbidity (diagnosis)","Pulmonary edema / acute heart failure","PE","I50.40","ICD-10-CM diagnosis"
"Severe Maternal Morbidity (diagnosis)","Pulmonary edema / acute heart failure","PE","I50.41","ICD-10-CM diagnosis"
"Severe Maternal Morbidity (diagnosis)","Pulmonary edema / acute heart failure","PE","I50.43","ICD-10-CM diagnosis"
"Severe Maternal Morbidity (diagnosis)","Pulmonary edema / acute heart failure","PE","I50.810","ICD-10-CM diagnosis"
"Severe Maternal Morbidity (diagnosis)","Pulmonary edema / acute heart failure","PE","I50.811","ICD-10-CM diagnosis"
"Severe Maternal Morbidity (diagnosis)","Pulmonary edema / acute heart failure","PE","I50.813","ICD-10-CM diagnosis"
"Severe Maternal Morbidity (diagnosis)","Pulmonary edema / acute heart failure","PE","I50.814","ICD-10-CM diagnosis"
"Severe Maternal Morbidity (diagnosis)","Pulmonary edema / acute heart failure","PE","I50.82","ICD-10-CM diagnosis"
"Severe Maternal Morbidity (diagnosis)","Pulmonary edema / acute heart failure","PE","I50.83","ICD-10-CM diagnosis"
"Severe Maternal Morbidity (diagnosis)","Pulmonary edema / acute heart failure","PE","I50.84","ICD-10-CM diagnosis"
"Severe Maternal Morbidity (diagnosis)","Pulmonary edema / acute heart failure","PE","I50.89","ICD-10-CM diagnosis"
"Severe Maternal Morbidity (diagnosis)","Pulmonary edema / acute heart failure","PE","I50.9","ICD-10-CM diagnosis"
"Severe Maternal Morbidity (diagnosis)","Pulmonary edema / acute heart failure","PE","J81.0","ICD-10-CM diagnosis"
"Severe Maternal Morbidity (diagnosis)","Severe anesthesia complications","anth","O29.112","ICD-10-CM diagnosis"
"Severe Maternal Morbidity (diagnosis)","Severe anesthesia complications","anth","O29.113","ICD-10-CM diagnosis"
"Severe Maternal Morbidity (diagnosis)","Severe anesthesia complications","anth","O29.114","ICD-10-CM diagnosis"
"Severe Maternal Morbidity (diagnosis)","Severe anesthesia complications","anth","O29.115","ICD-10-CM diagnosis"
"Severe Maternal Morbidity (diagnosis)","Severe anesthesia complications","anth","O29.116","ICD-10-CM diagnosis"
"Severe Maternal Morbidity (diagnosis)","Severe anesthesia complications","anth","O29.117","ICD-10-CM diagnosis"
"Severe Maternal Morbidity (diagnosis)","Severe anesthesia complications","anth","O29.118","ICD-10-CM diagnosis"
"Severe Maternal Morbidity (diagnosis)","Severe anesthesia complications","anth","O29.119","ICD-10-CM diagnosis"
"Severe Maternal Morbidity (diagnosis)","Severe anesthesia complications","anth","O29.122","ICD-10-CM diagnosis"
"Severe Maternal Morbidity (diagnosis)","Severe anesthesia complications","anth","O29.123","ICD-10-CM diagnosis"
"Severe Maternal Morbidity (diagnosis)","Severe anesthesia complications","anth","O29.124","ICD-10-CM diagnosis"
"Severe Maternal Morbidity (diagnosis)","Severe anesthesia complications","anth","O29.125","ICD-10-CM diagnosis"
"Severe Maternal Morbidity (diagnosis)","Severe anesthesia complications","anth","O29.126","ICD-10-CM diagnosis"
"Severe Maternal Morbidity (diagnosis)","Severe anesthesia complications","anth","O29.127","ICD-10-CM diagnosis"
"Severe Maternal Morbidity (diagnosis)","Severe anesthesia complications","anth","O29.128","ICD-10-CM diagnosis"
"Severe Maternal Morbidity (diagnosis)","Severe anesthesia complications","anth","O29.129","ICD-10-CM diagnosis"
"Severe Maternal Morbidity (diagnosis)","Severe anesthesia complications","anth","O29.192","ICD-10-CM diagnosis"
"Severe Maternal Morbidity (diagnosis)","Severe anesthesia complications","anth","O29.193","ICD-10-CM diagnosis"
"Severe Maternal Morbidity (diagnosis)","Severe anesthesia complications","anth","O29.194","ICD-10-CM diagnosis"
"Severe Maternal Morbidity (diagnosis)","Severe anesthesia complications","anth","O29.195","ICD-10-CM diagnosis"
"Severe Maternal Morbidity (diagnosis)","Severe anesthesia complications","anth","O29.196","ICD-10-CM diagnosis"
"Severe Maternal Morbidity (diagnosis)","Severe anesthesia complications","anth","O29.197","ICD-10-CM diagnosis"
"Severe Maternal Morbidity (diagnosis)","Severe anesthesia complications","anth","O29.198","ICD-10-CM diagnosis"
"Severe Maternal Morbidity (diagnosis)","Severe anesthesia complications","anth","O29.199","ICD-10-CM diagnosis"
"Severe Maternal Morbidity (diagnosis)","Severe anesthesia complications","anth","O29.212","ICD-10-CM diagnosis"
"Severe Maternal Morbidity (diagnosis)","Severe anesthesia complications","anth","O29.213","ICD-10-CM diagnosis"
"Severe Maternal Morbidity (diagnosis)","Severe anesthesia complications","anth","O29.214","ICD-10-CM diagnosis"
"Severe Maternal Morbidity (diagnosis)","Severe anesthesia complications","anth","O29.215","ICD-10-CM diagnosis"
"Severe Maternal Morbidity (diagnosis)","Severe anesthesia complications","anth","O29.216","ICD-10-CM diagnosis"
"Severe Maternal Morbidity (diagnosis)","Severe anesthesia complications","anth","O29.217","ICD-10-CM diagnosis"
"Severe Maternal Morbidity (diagnosis)","Severe anesthesia complications","anth","O29.218","ICD-10-CM diagnosis"
"Severe Maternal Morbidity (diagnosis)","Severe anesthesia complications","anth","O29.219","ICD-10-CM diagnosis"
"Severe Maternal Morbidity (diagnosis)","Severe anesthesia complications","anth","O29.292","ICD-10-CM diagnosis"
"Severe Maternal Morbidity (diagnosis)","Severe anesthesia complications","anth","O29.293","ICD-10-CM diagnosis"
"Severe Maternal Morbidity (diagnosis)","Severe anesthesia complications","anth","O29.294","ICD-10-CM diagnosis"
"Severe Maternal Morbidity (diagnosis)","Severe anesthesia complications","anth","O29.295","ICD-10-CM diagnosis"
"Severe Maternal Morbidity (diagnosis)","Severe anesthesia complications","anth","O29.296","ICD-10-CM diagnosis"
"Severe Maternal Morbidity (diagnosis)","Severe anesthesia complications","anth","O29.297","ICD-10-CM diagnosis"
"Severe Maternal Morbidity (diagnosis)","Severe anesthesia complications","anth","O29.298","ICD-10-CM diagnosis"
"Severe Maternal Morbidity (diagnosis)","Severe anesthesia complications","anth","O29.299","ICD-10-CM diagnosis"
"Severe Maternal Morbidity (diagnosis)","Severe anesthesia complications","anth","O74.0","ICD-10-CM diagnosis"
"Severe Maternal Morbidity (diagnosis)","Severe anesthesia complications","anth","O74.1","ICD-10-CM diagnosis"
"Severe Maternal Morbidity (diagnosis)","Severe anesthesia complications","anth","O74.2","ICD-10-CM diagnosis"
"Severe Maternal Morbidity (diagnosis)","Severe anesthesia complications","anth","O74.3","ICD-10-CM diagnosis"
"Severe Maternal Morbidity (diagnosis)","Severe anesthesia complications","anth","O89.0","ICD-10-CM diagnosis"
"Severe Maternal Morbidity (diagnosis)","Severe anesthesia complications","anth","O89.1","ICD-10-CM diagnosis"
"Severe Maternal Morbidity (diagnosis)","Severe anesthesia complications","anth","O89.2","ICD-10-CM diagnosis"
"Severe Maternal Morbidity (diagnosis)","Severe anesthesia complications","anth","T88.2XXA","ICD-10-CM diagnosis"
"Severe Maternal Morbidity (diagnosis)","Severe anesthesia complications","anth","T88.3XXA","ICD-10-CM diagnosis"
"Severe Maternal Morbidity (diagnosis)","Sepsis","sepsis","A32.7","ICD-10-CM diagnosis"
"Severe Maternal Morbidity (diagnosis)","Sepsis","sepsis","A40","ICD-10-CM diagnosis"
"Severe Maternal Morbidity (diagnosis)","Sepsis","sepsis","A41","ICD-10-CM diagnosis"
"Severe Maternal Morbidity (diagnosis)","Sepsis","sepsis","I76","ICD-10-CM diagnosis"
"Severe Maternal Morbidity (diagnosis)","Sepsis","sepsis","O85","ICD-10-CM diagnosis"
"Severe Maternal Morbidity (diagnosis)","Sepsis","sepsis","O86.04","ICD-10-CM diagnosis"
"Severe Maternal Morbidity (diagnosis)","Sepsis","sepsis","R65.20","ICD-10-CM diagnosis"
"Severe Maternal Morbidity (diagnosis)","Sepsis","sepsis","R65.21","ICD-10-CM diagnosis"
"Severe Maternal Morbidity (diagnosis)","Sepsis","sepsis","T81.12XA","ICD-10-CM diagnosis"
"Severe Maternal Morbidity (diagnosis)","Sepsis","sepsis","T81.44XA","ICD-10-CM diagnosis"
"Severe Maternal Morbidity (diagnosis)","Shock","shock","O75.1","ICD-10-CM diagnosis"
"Severe Maternal Morbidity (diagnosis)","Shock","shock","R57","ICD-10-CM diagnosis"
"Severe Maternal Morbidity (diagnosis)","Shock","shock","T78.2XXA","ICD-10-CM diagnosis"
"Severe Maternal Morbidity (diagnosis)","Shock","shock","T81.10XA","ICD-10-CM diagnosis"
"Severe Maternal Morbidity (diagnosis)","Shock","shock","T81.11XA","ICD-10-CM diagnosis"
"Severe Maternal Morbidity (diagnosis)","Shock","shock","T81.19XA","ICD-10-CM diagnosis"
"Severe Maternal Morbidity (diagnosis)","Shock","shock","T88.6XXA","ICD-10-CM diagnosis"
"Severe Maternal Morbidity (diagnosis)","Sickle cell disease with crisis","Mat_SC","D57.00","ICD-10-CM diagnosis"
"Severe Maternal Morbidity (diagnosis)","Sickle cell disease with crisis","Mat_SC","D57.01","ICD-10-CM diagnosis"
"Severe Maternal Morbidity (diagnosis)","Sickle cell disease with crisis","Mat_SC","D57.02","ICD-10-CM diagnosis"
"Severe Maternal Morbidity (diagnosis)","Sickle cell disease with crisis","Mat_SC","D57.211","ICD-10-CM diagnosis"
"Severe Maternal Morbidity (diagnosis)","Sickle cell disease with crisis","Mat_SC","D57.212","ICD-10-CM diagnosis"
"Severe Maternal Morbidity (diagnosis)","Sickle cell disease with crisis","Mat_SC","D57.219","ICD-10-CM diagnosis"
"Severe Maternal Morbidity (diagnosis)","Sickle cell disease with crisis","Mat_SC","D57.411","ICD-10-CM diagnosis"
"Severe Maternal Morbidity (diagnosis)","Sickle cell disease with crisis","Mat_SC","D57.412","ICD-10-CM diagnosis"
"Severe Maternal Morbidity (diagnosis)","Sickle cell disease with crisis","Mat_SC","D57.419","ICD-10-CM diagnosis"
"Severe Maternal Morbidity (diagnosis)","Sickle cell disease with crisis","Mat_SC","D57.811","ICD-10-CM diagnosis"
"Severe Maternal Morbidity (diagnosis)","Sickle cell disease with crisis","Mat_SC","D57.812","ICD-10-CM diagnosis"
"Severe Maternal Morbidity (diagnosis)","Sickle cell disease with crisis","Mat_SC","D57.819","ICD-10-CM diagnosis"
"Severe Maternal Morbidity (diagnosis)","Air and thrombotic embolism","emb","I26","ICD-10-CM diagnosis"
"Severe Maternal Morbidity (diagnosis)","Air and thrombotic embolism","emb","O88.012","ICD-10-CM diagnosis"
"Severe Maternal Morbidity (diagnosis)","Air and thrombotic embolism","emb","O88.013","ICD-10-CM diagnosis"
"Severe Maternal Morbidity (diagnosis)","Air and thrombotic embolism","emb","O88.019","ICD-10-CM diagnosis"
"Severe Maternal Morbidity (diagnosis)","Air and thrombotic embolism","emb","O88.02","ICD-10-CM diagnosis"
"Severe Maternal Morbidity (diagnosis)","Air and thrombotic embolism","emb","O88.03","ICD-10-CM diagnosis"
"Severe Maternal Morbidity (diagnosis)","Air and thrombotic embolism","emb","O88.212","ICD-10-CM diagnosis"
"Severe Maternal Morbidity (diagnosis)","Air and thrombotic embolism","emb","O88.213","ICD-10-CM diagnosis"
"Severe Maternal Morbidity (diagnosis)","Air and thrombotic embolism","emb","O88.219","ICD-10-CM diagnosis"
"Severe Maternal Morbidity (diagnosis)","Air and thrombotic embolism","emb","O88.22","ICD-10-CM diagnosis"
"Severe Maternal Morbidity (diagnosis)","Air and thrombotic embolism","emb","O88.23","ICD-10-CM diagnosis"
"Severe Maternal Morbidity (diagnosis)","Air and thrombotic embolism","emb","O88.312","ICD-10-CM diagnosis"
"Severe Maternal Morbidity (diagnosis)","Air and thrombotic embolism","emb","O88.313","ICD-10-CM diagnosis"
"Severe Maternal Morbidity (diagnosis)","Air and thrombotic embolism","emb","O88.319","ICD-10-CM diagnosis"
"Severe Maternal Morbidity (diagnosis)","Air and thrombotic embolism","emb","O88.32","ICD-10-CM diagnosis"
"Severe Maternal Morbidity (diagnosis)","Air and thrombotic embolism","emb","O88.311","ICD-10-CM diagnosis"
"Severe Maternal Morbidity (diagnosis)","Air and thrombotic embolism","emb","O88.33","ICD-10-CM diagnosis"
"Severe Maternal Morbidity (diagnosis)","Air and thrombotic embolism","emb","O88.812","ICD-10-CM diagnosis"
"Severe Maternal Morbidity (diagnosis)","Air and thrombotic embolism","emb","O88.813","ICD-10-CM diagnosis"
"Severe Maternal Morbidity (diagnosis)","Air and thrombotic embolism","emb","O88.819","ICD-10-CM diagnosis"
"Severe Maternal Morbidity (diagnosis)","Air and thrombotic embolism","emb","O88.82","ICD-10-CM diagnosis"
"Severe Maternal Morbidity (diagnosis)","Air and thrombotic embolism","emb","O88.83","ICD-10-CM diagnosis"
"Severe Maternal Morbidity (diagnosis)","Air and thrombotic embolism","emb","T80.0XXA","ICD-10-CM diagnosis"
"Severe Maternal Morbidity (procedure)","Hysterectomy","hyst","0UT90ZL","ICD-10-PCS procedure"
"Severe Maternal Morbidity (procedure)","Hysterectomy","hyst","0UT90ZZ","ICD-10-PCS procedure"
"Severe Maternal Morbidity (procedure)","Hysterectomy","hyst","0UT97ZL","ICD-10-PCS procedure"
"Severe Maternal Morbidity (procedure)","Hysterectomy","hyst","0UT97ZZ","ICD-10-PCS procedure"
"Severe Maternal Morbidity (procedure)","Temporary tracheostomy","tem_trach","0B110F4","ICD-10-PCS procedure"
"Severe Maternal Morbidity (procedure)","Temporary tracheostomy","tem_trach","0B113F4","ICD-10-PCS procedure"
"Severe Maternal Morbidity (procedure)","Temporary tracheostomy","tem_trach","0B114F4","ICD-10-PCS procedure"
"Severe Maternal Morbidity (procedure)","Ventilation","vent","5A1935Z","ICD-10-PCS procedure"
"Severe Maternal Morbidity (procedure)","Ventilation","vent","5A1945Z","ICD-10-PCS procedure"
"Severe Maternal Morbidity (procedure)","Ventilation","vent","5A1955Z","ICD-10-PCS procedure"
"Preventive screening","Microalbumin","microal","82043","CPT"
"Preventive screening","Microalbumin","microal","82044","CPT"
"Preventive screening","Microalbumin","microal","82570","CPT"
"Preventive screening","Microalbumin","microal","84156","CPT"
"Preventive screening","Complete blood count","CBC","85025","CPT"
"Preventive screening","Complete blood count","CBC","85027","CPT"
"Preventive screening","Complete blood count","CBC","85007","CPT"
"Preventive screening","Complete blood count","CBC","85048","CPT"
"Preventive screening","Complete blood count","CBC","80050","CPT"
"Preventive screening","Ophthalmology","opth","92002","CPT"
"Preventive screening","Ophthalmology","opth","92004","CPT"
"Preventive screening","Ophthalmology","opth","92012","CPT"
"Preventive screening","Ophthalmology","opth","92014","CPT"
"Preventive screening","Transcranial Doppler","TCD","93886","CPT"
"Preventive screening","Transcranial Doppler","TCD","93888","CPT"
"Preventive screening","Transcranial Doppler","TCD","93890","CPT"
"Preventive screening","Transcranial Doppler","TCD","93892","CPT"
"Preventive screening","Transcranial Doppler","TCD","93893","CPT"
"Medication","Hydroxyurea","HU","000030830","NDC"
"Medication","Hydroxyurea","HU","000036335","NDC"
"Medication","Hydroxyurea","HU","000036336","NDC"
"Medication","Hydroxyurea","HU","000036337","NDC"
"Medication","Hydroxyurea","HU","000548247","NDC"
"Medication","Hydroxyurea","HU","001791816","NDC"
"Medication","Hydroxyurea","HU","005550882","NDC"
"Medication","Hydroxyurea","HU","005550979","NDC"
"Medication","Hydroxyurea","HU","006033946","NDC"
"Medication","Hydroxyurea","HU","006771680","NDC"
"Medication","Hydroxyurea","HU","009045394","NDC"
"Medication","Hydroxyurea","HU","171010830","NDC"
"Medication","Hydroxyurea","HU","171016335","NDC"
"Medication","Hydroxyurea","HU","171016336","NDC"
"Medication","Hydroxyurea","HU","171016337","NDC"
"Medication","Hydroxyurea","HU","245350831","NDC"
"Medication","Hydroxyurea","HU","422910321","NDC"
"Medication","Hydroxyurea","HU","511291661","NDC"
"Medication","Hydroxyurea","HU","511293796","NDC"
"Medication","Hydroxyurea","HU","511294368","NDC"
"Medication","Hydroxyurea","HU","548684773","NDC"
"Medication","Hydroxyurea","HU","550453013","NDC"
"Medication","Hydroxyurea","HU","551547143","NDC"
"Medication","Hydroxyurea","HU","604290265","NDC"
"Medication","Hydroxyurea","HU","682589040","NDC"
"Medication","Hydroxyurea","HU","705180916","NDC"
"Medication","Hydroxyurea","HU","717700100","NDC"
"Medication","Hydroxyurea","HU","717701020","NDC"
"Medication","Hydroxyurea","HU","000542247","NDC"
"Medication","Hydroxyurea","HU","009046939","NDC"
"Medication","Hydroxyurea","HU","387791354","NDC"
"Medication","Hydroxyurea","HU","494523650","NDC"
"Medication","Hydroxyurea","HU","515520851","NDC"
"Medication","Hydroxyurea","HU","519272655","NDC"
"Medication","Hydroxyurea","HU","545690378","NDC"
"Medication","Hydroxyurea","HU","545695715","NDC"
"Medication","Hydroxyurea","HU","548681367","NDC"
"Medication","Hydroxyurea","HU","578664436","NDC"
"Medication","Hydroxyurea","HU","584060501","NDC"
"Medication","Hydroxyurea","HU","004407613","NDC"
"Medication","Hydroxyurea","HU","236290028","NDC"
"Medication","Hydroxyurea","HU","378030818","NDC"
"Medication","Hydroxyurea","HU","387790135","NDC"
"Medication","Hydroxyurea","HU","580630911","NDC"
"Medication","Endari (L-glutamine)","Endari","42457042001","NDC"
"Medication","Endari (L-glutamine)","Endari","42457042060","NDC"
"Medication","Oxbryta (voxelotor)","Oxbryta","72786010101","NDC"
"Medication","Oxbryta (voxelotor)","Oxbryta","72786011102","NDC"
"Medication","Oxbryta (voxelotor)","Oxbryta","72786011103","NDC"
"Medication","Oxbryta (voxelotor)","Oxbryta","72786010202","NDC"
"Medication","Oxbryta (voxelotor)","Oxbryta","72786010203","NDC"
"Medication","Adakveo (crizanlizumab)","Adakveo","00078088361","NDC"
"Medication","Adakveo (crizanlizumab)","Adakveo","J0791","HCPCS procedure"
"Medication","Adakveo (crizanlizumab)","Adakveo","C9053","HCPCS procedure"
