"Variable","Definition","YearsCovered","Dataset","VariableType","ReportElements","Notes"
"amb_count_21","Count of number of ambulatory visits in 2021","2021","_10_access_to_care_ambulatory","metric","Table 14, Table 15, Figure 13, Table 16, Table 17, Figure 14, Table 25, Figure 20",""
"amb_count_22","Count of number of ambulatory visits in 2022","2022","_10_access_to_care_ambulatory","metric","Table 14, Table 15, Figure 13, Table 16, Table 17, Figure 14, Table 25, Figure 20",""
"amb_count_23","Count of number of ambulatory visits in 2023","2023","_10_access_to_care_ambulatory","metric","Table 14, Table 15, Figure 13, Table 16, Table 17, Figure 14, Table 25, Figure 20",""
"amb_vis_cat","Categorical variable 0,1,2,3+ of how many outpatient claims MediCal between 2021-2023","2021-2023","_10_access_to_care_ambulatory","metric","Table 14, Table 15, Figure 13, Table 16, Table 17, Figure 14, Table 25, Figure 20","no further year stratifications available"
"any_amb_vis","Indicator variable if if any ambulatory visits 2021-2023","2021-2023","_10_access_to_care_ambulatory","metric","Table 14, Table 15, Figure 13, Table 16, Table 17, Figure 14, Table 25, Figure 20","no further year stratifications available"
"any_amb_vis_21","Indicator variable if if any ambulatory visits 2021","2021","_10_access_to_care_ambulatory","metric","Table 14, Table 15, Figure 13, Table 16, Table 17, Figure 14, Table 25, Figure 20",""
"any_amb_vis_22","Indicator variable if if any ambulatory visits 2022","2022","_10_access_to_care_ambulatory","metric","Table 14, Table 15, Figure 13, Table 16, Table 17, Figure 14, Table 25, Figure 20",""
"any_amb_vis_23","Indicator variable if if any ambulatory visits 2023","2023","_10_access_to_care_ambulatory","metric","Table 14, Table 15, Figure 13, Table 16, Table 17, Figure 14, Table 25, Figure 20",""
"had_hema_care","Indicator variable if person had a visit with a hematologist","2021-2023","_10_access_to_care_ambulatory","metric","Table 14, Table 15, Figure 13, Table 16, Table 17, Figure 14, Table 25, Figure 20","no further year stratifications available"
"had_SCD_exp_care","Indicator variable if person had a visit with an experienced provider (any)","2021-2023","_10_access_to_care_ambulatory","metric","Table 14, Table 15, Figure 13, Table 16, Table 17, Figure 14, Table 25, Figure 20","no further year stratifications available"
"had_SCD_gp_care","Indicator variable if person had a visit with an experienced GP","2021-2023","_10_access_to_care_ambulatory","metric","Table 14, Table 15, Figure 13, Table 16, Table 17, Figure 14, Table 25, Figure 20","no further year stratifications available"
"had_SCD_hema_care","Indicator variable if person had a visit with an experienced hematologist","2021-2023","_10_access_to_care_ambulatory","metric","Table 14, Table 15, Figure 13, Table 16, Table 17, Figure 14, Table 25, Figure 20","no further year stratifications available"
"hema_visit","Count of how many hematologist visits an individual had 2021-2023","2021-2023","_10_access_to_care_ambulatory","metric","Table 14, Table 15, Figure 13, Table 16, Table 17, Figure 14, Table 25, Figure 20",""
"SCD_exp_visit","Count of how many SCD experienced visits an individual had 2021-2023","2021-2023","_10_access_to_care_ambulatory","metric","Table 14, Table 15, Figure 13, Table 16, Table 17, Figure 14, Table 25, Figure 20","no further year stratifications available"
"scd_gp_visit","Count of how many SCD experienced GP visits an individual had 2021-2023","2021-2023","_10_access_to_care_ambulatory","metric","Table 14, Table 15, Figure 13, Table 16, Table 17, Figure 14, Table 25, Figure 20","no further year stratifications available"
"scd_hema_visit","Count of how many SCD experienced hematologist visits an individual had 2021-2023","2021-2023","_10_access_to_care_ambulatory","metric","Table 14, Table 15, Figure 13, Table 16, Table 17, Figure 14, Table 25, Figure 20","no further year stratifications available"
"total_amb_count","Count of number of ambulatory visits 2021-2023","2021-2023","_10_access_to_care_ambulatory","metric","Table 14, Table 15, Figure 13, Table 16, Table 17, Figure 14, Table 25, Figure 20","no further year stratifications available"
"AB_300_fill","Indicator variable if a person had an average of at least 300 fill days of antibiotic per year","2021-2023","_11_medications","metric","Table 12, Table 13, Figure 12","no further year stratifications available"
"AB_900_fill","Indicator variable if a person had over 900 total fill days of antibiotic between 2021-2023","2021-2023","_11_medications","metric","Table 12, Table 13, Figure 12","no further year stratifications available"
"AB_total_days","Count of the total number of antibiotic fill days 2021-2023","2021-2023","_11_medications","metric","Table 12, Table 13, Figure 12","no further year stratifications available"
"any_presc_Adakveo","Indicator variable if person had any Adakveo fills 2021-2023","2021-2023","_11_medications","metric","Table 12, Table 13, Figure 12","no further year stratifications available"
"any_presc_antibiotic","Indicator variable if person had any antibiotic fills 2021-2023","2021-2023","_11_medications","metric","Table 12, Table 13, Figure 12","no further year stratifications available"
"any_presc_Endari","Indicator variable if person had any Endari fills 2021-2023","2021-2023","_11_medications","metric","Table 12, Table 13, Figure 12","no further year stratifications available"
"any_presc_HU","Indicator variable if person had any HU fills 2021-2023","2021-2023","_11_medications","metric","Table 12, Table 13, Figure 12","no further year stratifications available"
"any_presc_Oxbryta","Indicator variable if person had any Oxbryta fills 2021-2023","2021-2023","_11_medications","metric","Table 12, Table 13, Figure 12","no further year stratifications available"
"ave_AB_fill","Average number of antibiotic fill days per year","2021-2023","_11_medications","metric","Table 12, Table 13, Figure 12","no further year stratifications available"
"ave_HU_fill","Average number of HU fill days per year","2021-2023","_11_medications","metric","Table 12, Table 13, Figure 12","no further year stratifications available"
"elig_ab_21","Indicator (0/1) for whether the person fell inside the antibiotic prophylaxis age window (2 months through 5 years) at any point during 2021","2021","_11_medications","metric","Table 12, Table 13, Figure 12","Derived from date of birth. Excludes years after death, and people with no recorded date of birth"
"elig_ab_22","Indicator (0/1) for whether the person fell inside the antibiotic prophylaxis age window (2 months through 5 years) at any point during 2022","2022","_11_medications","metric","Table 12, Table 13, Figure 12","Derived from date of birth. Excludes years after death, and people with no recorded date of birth"
"elig_ab_23","Indicator (0/1) for whether the person fell inside the antibiotic prophylaxis age window (2 months through 5 years) at any point during 2023","2023","_11_medications","metric","Table 12, Table 13, Figure 12","Derived from date of birth. Excludes years after death, and people with no recorded date of birth"
"elig_ab_any","Indicator (0/1) for whether the person fell inside the antibiotic prophylaxis age window (2 months through 5 years) at any point during 2021-2023","2021-2023","_11_medications","metric","Table 12, Table 13, Figure 12","Derived from date of birth. Excludes years after death, and people with no recorded date of birth"
"elig_adakveo_21","Indicator (0/1) for whether the person fell inside the Adakveo (crizanlizumab) age window (16 years and older) at any point during 2021","2021","_11_medications","metric","Table 12, Table 13, Figure 12","Derived from date of birth. Excludes years after death, and people with no recorded date of birth"
"elig_adakveo_22","Indicator (0/1) for whether the person fell inside the Adakveo (crizanlizumab) age window (16 years and older) at any point during 2022","2022","_11_medications","metric","Table 12, Table 13, Figure 12","Derived from date of birth. Excludes years after death, and people with no recorded date of birth"
"elig_adakveo_23","Indicator (0/1) for whether the person fell inside the Adakveo (crizanlizumab) age window (16 years and older) at any point during 2023","2023","_11_medications","metric","Table 12, Table 13, Figure 12","Derived from date of birth. Excludes years after death, and people with no recorded date of birth"
"elig_adakveo_any","Indicator (0/1) for whether the person fell inside the Adakveo (crizanlizumab) age window (16 years and older) at any point during 2021-2023","2021-2023","_11_medications","metric","Table 12, Table 13, Figure 12","Derived from date of birth. Excludes years after death, and people with no recorded date of birth"
"elig_endari_21","Indicator (0/1) for whether the person fell inside the Endari (L-glutamine) age window (5 years and older) at any point during 2021","2021","_11_medications","metric","Table 12, Table 13, Figure 12","Derived from date of birth. Excludes years after death, and people with no recorded date of birth"
"elig_endari_22","Indicator (0/1) for whether the person fell inside the Endari (L-glutamine) age window (5 years and older) at any point during 2022","2022","_11_medications","metric","Table 12, Table 13, Figure 12","Derived from date of birth. Excludes years after death, and people with no recorded date of birth"
"elig_endari_23","Indicator (0/1) for whether the person fell inside the Endari (L-glutamine) age window (5 years and older) at any point during 2023","2023","_11_medications","metric","Table 12, Table 13, Figure 12","Derived from date of birth. Excludes years after death, and people with no recorded date of birth"
"elig_endari_any","Indicator (0/1) for whether the person fell inside the Endari (L-glutamine) age window (5 years and older) at any point during 2021-2023","2021-2023","_11_medications","metric","Table 12, Table 13, Figure 12","Derived from date of birth. Excludes years after death, and people with no recorded date of birth"
"elig_hu_21","Indicator (0/1) for whether the person fell inside the hydroxyurea age window (9 months and older) at any point during 2021","2021","_11_medications","metric","Table 12, Table 13, Figure 12","Derived from date of birth. Excludes years after death, and people with no recorded date of birth"
"elig_hu_22","Indicator (0/1) for whether the person fell inside the hydroxyurea age window (9 months and older) at any point during 2022","2022","_11_medications","metric","Table 12, Table 13, Figure 12","Derived from date of birth. Excludes years after death, and people with no recorded date of birth"
"elig_hu_23","Indicator (0/1) for whether the person fell inside the hydroxyurea age window (9 months and older) at any point during 2023","2023","_11_medications","metric","Table 12, Table 13, Figure 12","Derived from date of birth. Excludes years after death, and people with no recorded date of birth"
"elig_hu_any","Indicator (0/1) for whether the person fell inside the hydroxyurea age window (9 months and older) at any point during 2021-2023","2021-2023","_11_medications","metric","Table 12, Table 13, Figure 12","Derived from date of birth. Excludes years after death, and people with no recorded date of birth"
"elig_oxbryta_21","Indicator (0/1) for whether the person fell inside the Oxbryta (voxelotor) age window (4 years and older) at any point during 2021","2021","_11_medications","metric","Table 12, Table 13, Figure 12","Derived from date of birth. Excludes years after death, and people with no recorded date of birth"
"elig_oxbryta_22","Indicator (0/1) for whether the person fell inside the Oxbryta (voxelotor) age window (4 years and older) at any point during 2022","2022","_11_medications","metric","Table 12, Table 13, Figure 12","Derived from date of birth. Excludes years after death, and people with no recorded date of birth"
"elig_oxbryta_23","Indicator (0/1) for whether the person fell inside the Oxbryta (voxelotor) age window (4 years and older) at any point during 2023","2023","_11_medications","metric","Table 12, Table 13, Figure 12","Derived from date of birth. Excludes years after death, and people with no recorded date of birth"
"elig_oxbryta_any","Indicator (0/1) for whether the person fell inside the Oxbryta (voxelotor) age window (4 years and older) at any point during 2021-2023","2021-2023","_11_medications","metric","Table 12, Table 13, Figure 12","Derived from date of birth. Excludes years after death, and people with no recorded date of birth"
"HU_300_fill","Indicator variable if a person had an average of at least 300 fill days of HU per year","2021-2023","_11_medications","metric","Table 12, Table 13, Figure 12","no further year stratifications available"
"HU_900_fill","Indicator variable if a person had over 900 total fill days of HU between 2021-2023","2021-2023","_11_medications","metric","Table 12, Table 13, Figure 12","no further year stratifications available"
"HU_total_days","Count of the total number of HU fill days 2021-2023","2021-2023","_11_medications","metric","Table 12, Table 13, Figure 12","no further year stratifications available"
"presc_Adakveo_21","Indicator variable if Adakveo was ever prescribed in","2021","_11_medications","metric","Table 12, Table 13, Figure 12",""
"presc_Adakveo_22","Indicator variable if Adakveo was ever prescribed in","2022","_11_medications","metric","Table 12, Table 13, Figure 12",""
"presc_Adakveo_23","Indicator variable if Adakveo was ever prescribed in","2023","_11_medications","metric","Table 12, Table 13, Figure 12",""
"presc_antibiotic_21","Indicator variable if antibiotics were ever prescribed in","2021","_11_medications","metric","Table 12, Table 13, Figure 12",""
"presc_antibiotic_22","Indicator variable if antibiotics were ever prescribed in","2022","_11_medications","metric","Table 12, Table 13, Figure 12",""
"presc_antibiotic_23","Indicator variable if antibiotics were ever prescribed in","2023","_11_medications","metric","Table 12, Table 13, Figure 12",""
"presc_Endari_21","Indicator variable if Endari was ever prescribed in","2021","_11_medications","metric","Table 12, Table 13, Figure 12",""
"presc_Endari_22","Indicator variable if Endari was ever prescribed in","2022","_11_medications","metric","Table 12, Table 13, Figure 12",""
"presc_Endari_23","Indicator variable if Endari was ever prescribed in","2023","_11_medications","metric","Table 12, Table 13, Figure 12",""
"presc_HU_21","Indicator variable if HU was ever prescribed in","2021","_11_medications","metric","Table 12, Table 13, Figure 12",""
"presc_HU_22","Indicator variable if HU was ever prescribed in","2022","_11_medications","metric","Table 12, Table 13, Figure 12",""
"presc_HU_23","Indicator variable if HU was ever prescribed in","2023","_11_medications","metric","Table 12, Table 13, Figure 12",""
"presc_Oxbryta_21","Indicator variable if Oxbryta was ever prescribed in","2021","_11_medications","metric","Table 12, Table 13, Figure 12",""
"presc_Oxbryta_22","Indicator variable if Oxbryta was ever prescribed in","2022","_11_medications","metric","Table 12, Table 13, Figure 12",""
"presc_Oxbryta_23","Indicator variable if Oxbryta was ever prescribed in","2023","_11_medications","metric","Table 12, Table 13, Figure 12",""
"ed_any_a_anemia","Indicator (0/1) for whether the person ever had an ICD code for acute anemia or hemolytic crisis at an ED visit","2021-2023","_3_ed_access_to_care","metric","Table 18, Figure 15, Figure 16, Table 19, Table 25, Figure 20","Missing for people with no ED visit at all"
"ed_any_ACS","Indicator (0/1) for whether the person ever had an ICD code for acute chest syndrome at an ED visit","2021-2023","_3_ed_access_to_care","metric","Table 18, Figure 15, Figure 16, Table 19, Table 25, Figure 20","Missing for people with no ED visit at all"
"ed_any_apl_crisis","Indicator (0/1) for whether the person ever had an ICD code for aplastic crisis at an ED visit","2021-2023","_3_ed_access_to_care","metric","Table 18, Figure 15, Figure 16, Table 19, Table 25, Figure 20","Missing for people with no ED visit at all"
"ed_any_Ava_nec","Indicator (0/1) for whether the person ever had an ICD code for avascular necrosis at an ED visit","2021-2023","_3_ed_access_to_care","metric","Table 18, Figure 15, Figure 16, Table 19, Table 25, Figure 20","Missing for people with no ED visit at all"
"ed_any_CKD","Indicator (0/1) for whether the person ever had an ICD code for chronic kidney disease at an ED visit","2021-2023","_3_ed_access_to_care","metric","Table 18, Figure 15, Figure 16, Table 19, Table 25, Figure 20","Missing for people with no ED visit at all"
"ed_any_comp","Indicator (0/1) for whether the person ever had an ICD code for any SCD complication at an ED visit","2021-2023","_3_ed_access_to_care","metric","Table 18, Figure 15, Figure 16, Table 19, Table 25, Figure 20","Missing for people with no ED visit at all"
"ed_any_inf_sep","Indicator (0/1) for whether the person ever had an ICD code for severe infection or sepsis at an ED visit","2021-2023","_3_ed_access_to_care","metric","Table 18, Figure 15, Figure 16, Table 19, Table 25, Figure 20","Missing for people with no ED visit at all"
"ed_any_priapism","Indicator (0/1) for whether the person ever had an ICD code for priapism at an ED visit","2021-2023","_3_ed_access_to_care","metric","Table 18, Figure 15, Figure 16, Table 19, Table 25, Figure 20","Missing for people with no ED visit at all"
"ed_any_pulm_hyp","Indicator (0/1) for whether the person ever had an ICD code for pulmonary hypertension at an ED visit","2021-2023","_3_ed_access_to_care","metric","Table 18, Figure 15, Figure 16, Table 19, Table 25, Figure 20","Missing for people with no ED visit at all"
"ed_any_sple_seq","Indicator (0/1) for whether the person ever had an ICD code for splenic sequestration at an ED visit","2021-2023","_3_ed_access_to_care","metric","Table 18, Figure 15, Figure 16, Table 19, Table 25, Figure 20","Missing for people with no ED visit at all"
"ed_any_stroke","Indicator (0/1) for whether the person ever had an ICD code for stroke at an ED visit","2021-2023","_3_ed_access_to_care","metric","Table 18, Figure 15, Figure 16, Table 19, Table 25, Figure 20","Missing for people with no ED visit at all"
"ed_any_VOE","Indicator (0/1) for whether the person ever had an ICD code for vaso-occlusive episode or pain crisis at an ED visit","2021-2023","_3_ed_access_to_care","metric","Table 18, Figure 15, Figure 16, Table 19, Table 25, Figure 20","Missing for people with no ED visit at all"
"ed_any_VTE","Indicator (0/1) for whether the person ever had an ICD code for venous thromboembolism at an ED visit","2021-2023","_3_ed_access_to_care","metric","Table 18, Figure 15, Figure 16, Table 19, Table 25, Figure 20","Missing for people with no ED visit at all"
"ed_flag_a_anemia","Count of ED visits with an ICD code for acute anemia or hemolytic crisis","2021-2023","_3_ed_access_to_care","metric","Table 18, Figure 15, Figure 16, Table 19, Table 25, Figure 20","Visit-level count, not a 0/1 flag. See ed_any_a_anemia for the person-level indicator"
"ed_flag_ACS","Count of ED visits with an ICD code for acute chest syndrome","2021-2023","_3_ed_access_to_care","metric","Table 18, Figure 15, Figure 16, Table 19, Table 25, Figure 20","Visit-level count, not a 0/1 flag. See ed_any_ACS for the person-level indicator"
"ed_flag_any_comp","Count of ED visits with an ICD code for any SCD complication","2021-2023","_3_ed_access_to_care","metric","Table 18, Figure 15, Figure 16, Table 19, Table 25, Figure 20","Visit-level count, not a 0/1 flag. See ed_any_comp for the person-level indicator"
"ed_flag_apl_crisis","Count of ED visits with an ICD code for aplastic crisis","2021-2023","_3_ed_access_to_care","metric","Table 18, Figure 15, Figure 16, Table 19, Table 25, Figure 20","Visit-level count, not a 0/1 flag. See ed_any_apl_crisis for the person-level indicator"
"ed_flag_Ava_nec","Count of ED visits with an ICD code for avascular necrosis","2021-2023","_3_ed_access_to_care","metric","Table 18, Figure 15, Figure 16, Table 19, Table 25, Figure 20","Visit-level count, not a 0/1 flag. See ed_any_Ava_nec for the person-level indicator"
"ed_flag_CKD","Count of ED visits with an ICD code for chronic kidney disease","2021-2023","_3_ed_access_to_care","metric","Table 18, Figure 15, Figure 16, Table 19, Table 25, Figure 20","Visit-level count, not a 0/1 flag. See ed_any_CKD for the person-level indicator"
"ed_flag_inf_sep","Count of ED visits with an ICD code for severe infection or sepsis","2021-2023","_3_ed_access_to_care","metric","Table 18, Figure 15, Figure 16, Table 19, Table 25, Figure 20","Visit-level count, not a 0/1 flag. See ed_any_inf_sep for the person-level indicator"
"ed_flag_priapism","Count of ED visits with an ICD code for priapism","2021-2023","_3_ed_access_to_care","metric","Table 18, Figure 15, Figure 16, Table 19, Table 25, Figure 20","Visit-level count, not a 0/1 flag. See ed_any_priapism for the person-level indicator"
"ed_flag_pulm_hyp","Count of ED visits with an ICD code for pulmonary hypertension","2021-2023","_3_ed_access_to_care","metric","Table 18, Figure 15, Figure 16, Table 19, Table 25, Figure 20","Visit-level count, not a 0/1 flag. See ed_any_pulm_hyp for the person-level indicator"
"ed_flag_sple_seq","Count of ED visits with an ICD code for splenic sequestration","2021-2023","_3_ed_access_to_care","metric","Table 18, Figure 15, Figure 16, Table 19, Table 25, Figure 20","Visit-level count, not a 0/1 flag. See ed_any_sple_seq for the person-level indicator"
"ed_flag_stroke","Count of ED visits with an ICD code for stroke","2021-2023","_3_ed_access_to_care","metric","Table 18, Figure 15, Figure 16, Table 19, Table 25, Figure 20","Visit-level count, not a 0/1 flag. See ed_any_stroke for the person-level indicator"
"ed_flag_VOE","Count of ED visits with an ICD code for vaso-occlusive episode or pain crisis","2021-2023","_3_ed_access_to_care","metric","Table 18, Figure 15, Figure 16, Table 19, Table 25, Figure 20","Visit-level count, not a 0/1 flag. See ed_any_VOE for the person-level indicator"
"ed_flag_VTE","Count of ED visits with an ICD code for venous thromboembolism","2021-2023","_3_ed_access_to_care","metric","Table 18, Figure 15, Figure 16, Table 19, Table 25, Figure 20","Visit-level count, not a 0/1 flag. See ed_any_VTE for the person-level indicator"
"ed_use_21","Indicator variable if individual had an ED T/R visit during 2021","2021","_3_ed_access_to_care","metric","Table 18, Figure 15, Figure 16, Table 19, Table 25, Figure 20",""
"ed_use_22","Indicator variable if individual had an ED T/R visit during 2022","2022","_3_ed_access_to_care","metric","Table 18, Figure 15, Figure 16, Table 19, Table 25, Figure 20",""
"ed_use_23","Indicator variable if individual had an ED T/R visit during 2023","2023","_3_ed_access_to_care","metric","Table 18, Figure 15, Figure 16, Table 19, Table 25, Figure 20",""
"ed_use_total","Indicator variable if individual had an ED T/R visit during 2021-2023","2021-2023","_3_ed_access_to_care","metric","Table 18, Figure 15, Figure 16, Table 19, Table 25, Figure 20",""
"ed_visit_count_21","Number of ED T/R visits and individual had during 2021","2021","_3_ed_access_to_care","metric","Table 18, Figure 15, Figure 16, Table 19, Table 25, Figure 20",""
"ed_visit_count_22","Number of ED T/R visits and individual had during 2022","2022","_3_ed_access_to_care","metric","Table 18, Figure 15, Figure 16, Table 19, Table 25, Figure 20",""
"ed_visit_count_23","Number of ED T/R visits and individual had during 2023","2023","_3_ed_access_to_care","metric","Table 18, Figure 15, Figure 16, Table 19, Table 25, Figure 20",""
"ed_visit_count_total","Number of ED T/R visits and individual had during 2021-2023","2021-2023","_3_ed_access_to_care","metric","Table 18, Figure 15, Figure 16, Table 19, Table 25, Figure 20",""
"hosp_any_a_anemia","Indicator (0/1) for whether the person ever had an ICD code for acute anemia or hemolytic crisis at an inpatient admission","2021-2023","_4_hospital_access_to_care","metric","Table 20, Table 21, Figure 17, Figure 18, Table 22, Table 25, Figure 20","Missing for people with no admission at all"
"hosp_any_ACS","Indicator (0/1) for whether the person ever had an ICD code for acute chest syndrome at an inpatient admission","2021-2023","_4_hospital_access_to_care","metric","Table 20, Table 21, Figure 17, Figure 18, Table 22, Table 25, Figure 20","Missing for people with no admission at all"
"hosp_any_apl_crisis","Indicator (0/1) for whether the person ever had an ICD code for aplastic crisis at an inpatient admission","2021-2023","_4_hospital_access_to_care","metric","Table 20, Table 21, Figure 17, Figure 18, Table 22, Table 25, Figure 20","Missing for people with no admission at all"
"hosp_any_Ava_nec","Indicator (0/1) for whether the person ever had an ICD code for avascular necrosis at an inpatient admission","2021-2023","_4_hospital_access_to_care","metric","Table 20, Table 21, Figure 17, Figure 18, Table 22, Table 25, Figure 20","Missing for people with no admission at all"
"hosp_any_CKD","Indicator (0/1) for whether the person ever had an ICD code for chronic kidney disease at an inpatient admission","2021-2023","_4_hospital_access_to_care","metric","Table 20, Table 21, Figure 17, Figure 18, Table 22, Table 25, Figure 20","Missing for people with no admission at all"
"hosp_any_comp","Indicator (0/1) for whether the person ever had an ICD code for any SCD complication at an inpatient admission","2021-2023","_4_hospital_access_to_care","metric","Table 20, Table 21, Figure 17, Figure 18, Table 22, Table 25, Figure 20","Missing for people with no admission at all"
"hosp_any_inf_sep","Indicator (0/1) for whether the person ever had an ICD code for severe infection or sepsis at an inpatient admission","2021-2023","_4_hospital_access_to_care","metric","Table 20, Table 21, Figure 17, Figure 18, Table 22, Table 25, Figure 20","Missing for people with no admission at all"
"hosp_any_priapism","Indicator (0/1) for whether the person ever had an ICD code for priapism at an inpatient admission","2021-2023","_4_hospital_access_to_care","metric","Table 20, Table 21, Figure 17, Figure 18, Table 22, Table 25, Figure 20","Missing for people with no admission at all"
"hosp_any_pulm_hyp","Indicator (0/1) for whether the person ever had an ICD code for pulmonary hypertension at an inpatient admission","2021-2023","_4_hospital_access_to_care","metric","Table 20, Table 21, Figure 17, Figure 18, Table 22, Table 25, Figure 20","Missing for people with no admission at all"
"hosp_any_sple_seq","Indicator (0/1) for whether the person ever had an ICD code for splenic sequestration at an inpatient admission","2021-2023","_4_hospital_access_to_care","metric","Table 20, Table 21, Figure 17, Figure 18, Table 22, Table 25, Figure 20","Missing for people with no admission at all"
"hosp_any_stroke","Indicator (0/1) for whether the person ever had an ICD code for stroke at an inpatient admission","2021-2023","_4_hospital_access_to_care","metric","Table 20, Table 21, Figure 17, Figure 18, Table 22, Table 25, Figure 20","Missing for people with no admission at all"
"hosp_any_VOE","Indicator (0/1) for whether the person ever had an ICD code for vaso-occlusive episode or pain crisis at an inpatient admission","2021-2023","_4_hospital_access_to_care","metric","Table 20, Table 21, Figure 17, Figure 18, Table 22, Table 25, Figure 20","Missing for people with no admission at all"
"hosp_any_VTE","Indicator (0/1) for whether the person ever had an ICD code for venous thromboembolism at an inpatient admission","2021-2023","_4_hospital_access_to_care","metric","Table 20, Table 21, Figure 17, Figure 18, Table 22, Table 25, Figure 20","Missing for people with no admission at all"
"hosp_flag_a_anemia","Count of inpatient admissions with an ICD code for acute anemia or hemolytic crisis","2021-2023","_4_hospital_access_to_care","metric","Table 20, Table 21, Figure 17, Figure 18, Table 22, Table 25, Figure 20","Visit-level count, not a 0/1 flag. See hosp_any_a_anemia for the person-level indicator"
"hosp_flag_ACS","Count of inpatient admissions with an ICD code for acute chest syndrome","2021-2023","_4_hospital_access_to_care","metric","Table 20, Table 21, Figure 17, Figure 18, Table 22, Table 25, Figure 20","Visit-level count, not a 0/1 flag. See hosp_any_ACS for the person-level indicator"
"hosp_flag_any_comp","Count of inpatient admissions with an ICD code for any SCD complication","2021-2023","_4_hospital_access_to_care","metric","Table 20, Table 21, Figure 17, Figure 18, Table 22, Table 25, Figure 20","Visit-level count, not a 0/1 flag. See hosp_any_comp for the person-level indicator"
"hosp_flag_apl_crisis","Count of inpatient admissions with an ICD code for aplastic crisis","2021-2023","_4_hospital_access_to_care","metric","Table 20, Table 21, Figure 17, Figure 18, Table 22, Table 25, Figure 20","Visit-level count, not a 0/1 flag. See hosp_any_apl_crisis for the person-level indicator"
"hosp_flag_Ava_nec","Count of inpatient admissions with an ICD code for avascular necrosis","2021-2023","_4_hospital_access_to_care","metric","Table 20, Table 21, Figure 17, Figure 18, Table 22, Table 25, Figure 20","Visit-level count, not a 0/1 flag. See hosp_any_Ava_nec for the person-level indicator"
"hosp_flag_CKD","Count of inpatient admissions with an ICD code for chronic kidney disease","2021-2023","_4_hospital_access_to_care","metric","Table 20, Table 21, Figure 17, Figure 18, Table 22, Table 25, Figure 20","Visit-level count, not a 0/1 flag. See hosp_any_CKD for the person-level indicator"
"hosp_flag_inf_sep","Count of inpatient admissions with an ICD code for severe infection or sepsis","2021-2023","_4_hospital_access_to_care","metric","Table 20, Table 21, Figure 17, Figure 18, Table 22, Table 25, Figure 20","Visit-level count, not a 0/1 flag. See hosp_any_inf_sep for the person-level indicator"
"hosp_flag_priapism","Count of inpatient admissions with an ICD code for priapism","2021-2023","_4_hospital_access_to_care","metric","Table 20, Table 21, Figure 17, Figure 18, Table 22, Table 25, Figure 20","Visit-level count, not a 0/1 flag. See hosp_any_priapism for the person-level indicator"
"hosp_flag_pulm_hyp","Count of inpatient admissions with an ICD code for pulmonary hypertension","2021-2023","_4_hospital_access_to_care","metric","Table 20, Table 21, Figure 17, Figure 18, Table 22, Table 25, Figure 20","Visit-level count, not a 0/1 flag. See hosp_any_pulm_hyp for the person-level indicator"
"hosp_flag_sple_seq","Count of inpatient admissions with an ICD code for splenic sequestration","2021-2023","_4_hospital_access_to_care","metric","Table 20, Table 21, Figure 17, Figure 18, Table 22, Table 25, Figure 20","Visit-level count, not a 0/1 flag. See hosp_any_sple_seq for the person-level indicator"
"hosp_flag_stroke","Count of inpatient admissions with an ICD code for stroke","2021-2023","_4_hospital_access_to_care","metric","Table 20, Table 21, Figure 17, Figure 18, Table 22, Table 25, Figure 20","Visit-level count, not a 0/1 flag. See hosp_any_stroke for the person-level indicator"
"hosp_flag_VOE","Count of inpatient admissions with an ICD code for vaso-occlusive episode or pain crisis","2021-2023","_4_hospital_access_to_care","metric","Table 20, Table 21, Figure 17, Figure 18, Table 22, Table 25, Figure 20","Visit-level count, not a 0/1 flag. See hosp_any_VOE for the person-level indicator"
"hosp_flag_VTE","Count of inpatient admissions with an ICD code for venous thromboembolism","2021-2023","_4_hospital_access_to_care","metric","Table 20, Table 21, Figure 17, Figure 18, Table 22, Table 25, Figure 20","Visit-level count, not a 0/1 flag. See hosp_any_VTE for the person-level indicator"
"hosp_use_21","Indicator variable if individual had an hospital inpatient visit during 2021","2021","_4_hospital_access_to_care","metric","Table 20, Table 21, Figure 17, Figure 18, Table 22, Table 25, Figure 20",""
"hosp_use_22","Indicator variable if individual had an hospital inpatient visit during 2022","2022","_4_hospital_access_to_care","metric","Table 20, Table 21, Figure 17, Figure 18, Table 22, Table 25, Figure 20",""
"hosp_use_23","Indicator variable if individual had an hospital inpatient visit during 2023","2023","_4_hospital_access_to_care","metric","Table 20, Table 21, Figure 17, Figure 18, Table 22, Table 25, Figure 20",""
"hosp_use_total","Indicator variable if individual had an hospital inpatient visit during 2021-2023","2021-2023","_4_hospital_access_to_care","metric","Table 20, Table 21, Figure 17, Figure 18, Table 22, Table 25, Figure 20",""
"hosp_visit_count_21","Number of hospital inpatient visits and individual had during 2021","2021","_4_hospital_access_to_care","metric","Table 20, Table 21, Figure 17, Figure 18, Table 22, Table 25, Figure 20",""
"hosp_visit_count_22","Number of hospital inpatient visits and individual had during 2022","2022","_4_hospital_access_to_care","metric","Table 20, Table 21, Figure 17, Figure 18, Table 22, Table 25, Figure 20",""
"hosp_visit_count_23","Number of hospital inpatient visits and individual had during 2023","2023","_4_hospital_access_to_care","metric","Table 20, Table 21, Figure 17, Figure 18, Table 22, Table 25, Figure 20",""
"hosp_visit_count_total","Number of hospital inpatient visits and individual had during 2021-2023","2021-2023","_4_hospital_access_to_care","metric","Table 20, Table 21, Figure 17, Figure 18, Table 22, Table 25, Figure 20",""
"los_avg","Average length of hospital inpatient stay in days per individual during 2021-2023","2021-2023","_4_hospital_access_to_care","metric","Table 20, Table 21, Figure 17, Figure 18, Table 22, Table 25, Figure 20","no further year stratifications available"
"tot_fromED","Number of hospital inpatient visits that started at ED visits per person during 2021-2023","2021-2023","_4_hospital_access_to_care","metric","Table 20, Table 21, Figure 17, Figure 18, Table 22, Table 25, Figure 20","no further year stratifications available"
"ED_ED_30days","Number of ED to ED revisits each individual had within 30 days.","2021-2023","_5_ed_hospital_revisits","metric","Table 23, Table 24, Figure 19","no further year stratifications available"
"ED_ED_7days","Number of ED to ED revisits each individual had within 7 days.","2021-2023","_5_ed_hospital_revisits","metric","Table 23, Table 24, Figure 19","no further year stratifications available"
"ED_PD_30days","Number of ED to hospital revisits each individual had within 30 days.","2021-2023","_5_ed_hospital_revisits","metric","Table 23, Table 24, Figure 19","no further year stratifications available"
"ED_PD_7days","Number of ED to hospital revisits each individual had within 7 days.","2021-2023","_5_ed_hospital_revisits","metric","Table 23, Table 24, Figure 19","no further year stratifications available"
"PD_ED_30days","Number of hospital to ED revisits each individual had within 30 days.","2021-2023","_5_ed_hospital_revisits","metric","Table 23, Table 24, Figure 19","no further year stratifications available"
"PD_ED_7days","Number of hospital to ED revisits each individual had within 30 days.","2021-2023","_5_ed_hospital_revisits","metric","Table 23, Table 24, Figure 19","no further year stratifications available"
"PD_PD_30days","Number of hospital to hospital revisits each individual had within 30 days.","2021-2023","_5_ed_hospital_revisits","metric","Table 23, Table 24, Figure 19","no further year stratifications available"
"PD_PD_7days","Number of hospital to hospital revisits each individual had within 30 days.","2021-2023","_5_ed_hospital_revisits","metric","Table 23, Table 24, Figure 19","no further year stratifications available"
"revisit_30day_flag","indicator variable if the individual had any revisits within 30 days of previous encounter","2021-2023","_5_ed_hospital_revisits","metric","Table 23, Table 24, Figure 19","no further year stratifications available"
"revisit_7day_flag","indicator variable if the individual had any revisits within 7 days of previous encounter","2021-2023","_5_ed_hospital_revisits","metric","Table 23, Table 24, Figure 19","no further year stratifications available"
"any_mc_elig","Indicator variable if the individual had MediCal coverage any month in the 3 year period","2021-2023","_6_enrollment_access_to_care","metric","Table 7, Table 8, Table 9, Table 10, Figure 10, Table 25, Figure 20",""
"any_mc_elig_21","Indicator variable if the individual had MediCal coverage any month in the year 2021","2021","_6_enrollment_access_to_care","metric","Table 7, Table 8, Table 9, Table 10, Figure 10, Table 25, Figure 20",""
"any_mc_elig_22","Indicator variable if the individual had MediCal coverage any month in the year 2022","2022","_6_enrollment_access_to_care","metric","Table 7, Table 8, Table 9, Table 10, Figure 10, Table 25, Figure 20",""
"any_mc_elig_23","Indicator variable if the individual had MediCal coverage any month in the year 2023","2023","_6_enrollment_access_to_care","metric","Table 7, Table 8, Table 9, Table 10, Figure 10, Table 25, Figure 20",""
"CCS_enrolled","Indicator variable for if children (<=21) were enrolled in CCS at any point between 2021 and 2023","2021-2023","_6_enrollment_access_to_care","metric","Table 7, Table 8, Table 9, Table 10, Figure 10, Table 25, Figure 20","no further year stratifications available"
"full_mc_elig","Indicator variable if the individual had MediCal coverage all 36 months of 2021-2023","2021-2023","_6_enrollment_access_to_care","metric","Table 7, Table 8, Table 9, Table 10, Figure 10, Table 25, Figure 20",""
"full_mc_elig_21","Indicator variable if the individual had MediCal coverage all 12 months of 2021","2021","_6_enrollment_access_to_care","metric","Table 7, Table 8, Table 9, Table 10, Figure 10, Table 25, Figure 20",""
"full_mc_elig_22","Indicator variable if the individual had MediCal coverage all 12 months of 2022","2022","_6_enrollment_access_to_care","metric","Table 7, Table 8, Table 9, Table 10, Figure 10, Table 25, Figure 20",""
"full_mc_elig_23","Indicator variable if the individual had MediCal coverage all 12 months of 2023","2023","_6_enrollment_access_to_care","metric","Table 7, Table 8, Table 9, Table 10, Figure 10, Table 25, Figure 20",""
"GHPP_enrolled","Indicator variable for if adults (>21) were enrolled in GHPP at any point between 2021 and 2023","2021-2023","_6_enrollment_access_to_care","metric","Table 7, Table 8, Table 9, Table 10, Figure 10, Table 25, Figure 20","no further year stratifications available"
"months_elig_21","Number of months of coverage for the year 2021","2021","_6_enrollment_access_to_care","metric","Table 7, Table 8, Table 9, Table 10, Figure 10, Table 25, Figure 20",""
"months_elig_22","Number of months of coverage for the year 2022","2022","_6_enrollment_access_to_care","metric","Table 7, Table 8, Table 9, Table 10, Figure 10, Table 25, Figure 20",""
"months_elig_23","Number of months of coverage for the year 2023","2023","_6_enrollment_access_to_care","metric","Table 7, Table 8, Table 9, Table 10, Figure 10, Table 25, Figure 20",""
"cbc_count","Number of complete blood count blood tests in MediCal outpatient data between 2021and 2023 (>=10 y/o)","2021-2023","_7_screenings","metric","Table 11, Figure 11","no further year stratifications available"
"cbc_screen","Categorical variable 0,1,2,3+ of how many complete blood count blood tests in MediCal outpatient between 2021-2023 (>=10 y/o)","2021-2023","_7_screenings","metric","Table 11, Figure 11","no further year stratifications available"
"microal_count","Number of microalbumin blood tests in MediCal data between 2021and 2023 (>=10y/o)","2021-2023","_7_screenings","metric","Table 11, Figure 11","no further year stratifications available"
"microal_screen","Categorical variable 0,1,2,3+ of how many microalbumin blood tests in MediCal between 2021-2023 (>=10y/o)","2021-2023","_7_screenings","metric","Table 11, Figure 11","no further year stratifications available"
"opth_count","Number of ophthalmology screenings in MediCal data between 2021 and 2023 (>=10y/o)","2021-2023","_7_screenings","metric","Table 11, Figure 11","no further year stratifications available"
"opth_screen","Categorical variable 0,1,2,3+ of how many ophthalmology screenings in MediCal between 2021-2023 (>=10y/o)","2021-2023","_7_screenings","metric","Table 11, Figure 11","no further year stratifications available"
"tcd_count","Number of transcranial doppler scans in MediCal data between 2021and 2023 (2-16 y/o)","2021-2023","_7_screenings","metric","Table 11, Figure 11","no further year stratifications available"
"tcd_screen","Categorical variable 0,1,2,3+ of how many transcranial doppler scans in MediCal between 2021-2023 (2-16 y/o)","2021-2023","_7_screenings","metric","Table 11, Figure 11","no further year stratifications available"
"county_name","Name of county in California","2014-2023","_8_birth_death","metric","Figure 3, Figure 4, Table 6, Figure 8, Figure 9","County Level Data"
"dt_age_cat_1","Number of deaths aged 0-10 in county in associated year","2014-2023","_8_birth_death","metric","Figure 3, Figure 4, Table 6, Figure 8, Figure 9","County Level Data"
"dt_age_cat_2","Number of deaths aged 11-20 in county in associated year","2014-2023","_8_birth_death","metric","Figure 3, Figure 4, Table 6, Figure 8, Figure 9","County Level Data"
"dt_age_cat_3","Number of deaths aged 21-30 in county in associated year","2014-2023","_8_birth_death","metric","Figure 3, Figure 4, Table 6, Figure 8, Figure 9","County Level Data"
"dt_age_cat_4","Number of deaths aged 31-40 in county in associated year","2014-2023","_8_birth_death","metric","Figure 3, Figure 4, Table 6, Figure 8, Figure 9","County Level Data"
"dt_age_cat_5","Number of deaths aged 41-50 in county in associated year","2014-2023","_8_birth_death","metric","Figure 3, Figure 4, Table 6, Figure 8, Figure 9","County Level Data"
"dt_age_cat_6","Number of deaths aged 51-60 in county in associated year","2014-2023","_8_birth_death","metric","Figure 3, Figure 4, Table 6, Figure 8, Figure 9","County Level Data"
"dt_age_cat_7","Number of deaths aged 61+ in county in associated year","2014-2023","_8_birth_death","metric","Figure 3, Figure 4, Table 6, Figure 8, Figure 9","County Level Data"
"f_med_dt_age","Median age of death in females of county in associated year","2014-2023","_8_birth_death","metric","Figure 3, Figure 4, Table 6, Figure 8, Figure 9","County Level Data"
"female_birth","Number of females with SCD born in county in associated year","2014-2023","_8_birth_death","metric","Figure 3, Figure 4, Table 6, Figure 8, Figure 9","County Level Data"
"female_death","Number of females with SCD who died in county in associated year","2014-2023","_8_birth_death","metric","Figure 3, Figure 4, Table 6, Figure 8, Figure 9","County Level Data"
"female_pop","Total number of females with SCD in county in associated year","2014-2023","_8_birth_death","metric","Figure 3, Figure 4, Table 6, Figure 8, Figure 9","County Level Data"
"m_med_dt_age","Median age of death in males of county in associated year","2014-2023","_8_birth_death","metric","Figure 3, Figure 4, Table 6, Figure 8, Figure 9","County Level Data"
"male_birth","Number of males with SCD born in county in associated year","2014-2023","_8_birth_death","metric","Figure 3, Figure 4, Table 6, Figure 8, Figure 9","County Level Data"
"male_death","Number of males with SCD who died in county in associated year","2014-2023","_8_birth_death","metric","Figure 3, Figure 4, Table 6, Figure 8, Figure 9","County Level Data"
"male_pop","Total number of males with SCD in county in associated year","2014-2023","_8_birth_death","metric","Figure 3, Figure 4, Table 6, Figure 8, Figure 9","County Level Data"
"med_dt_age","Median age at death in SCD population in county in associated year","2014-2023","_8_birth_death","metric","Figure 3, Figure 4, Table 6, Figure 8, Figure 9","County Level Data"
"total_birth","Total number of babies with SCD born in county in associated year","2014-2023","_8_birth_death","metric","Figure 3, Figure 4, Table 6, Figure 8, Figure 9","County Level Data"
"total_death","Total number of people with SCD who died in county in associated year","2014-2023","_8_birth_death","metric","Figure 3, Figure 4, Table 6, Figure 8, Figure 9","County Level Data"
"total_pop","Total number of people with SCD in county in associated year","2014-2023","_8_birth_death","metric","Figure 3, Figure 4, Table 6, Figure 8, Figure 9","County Level Data"
"year","Associated year","2014-2023","_8_birth_death","metric","Figure 3, Figure 4, Table 6, Figure 8, Figure 9","County Level Data"
"any_SMM","Indicator variable if any severe maternal morbidity was present during delivery admittance","2019-2023","_9_maternal_health","metric","Table 4, Table 5, Figure 6","Delivery Level Data (some women have multiple rows)"
"delivery_adm","Flag to indicate if a row is associated with an admittance for delivery","2019-2023","_9_maternal_health","metric","Table 4, Table 5, Figure 6","Delivery Level Data (some women have multiple rows)"
"delivery_county","County of residence during delivery admittance","2019-2023","_9_maternal_health","metric","Table 4, Table 5, Figure 6","Delivery Level Data (some women have multiple rows)"
"delivery_order","Order of delivery admittance (multiple admittances)","2019-2023","_9_maternal_health","metric","Table 4, Table 5, Figure 6","Delivery Level Data (some women have multiple rows)"
"delivery_yr","Year of delivery admittance","2019-2023","_9_maternal_health","metric","Table 4, Table 5, Figure 6","Delivery Level Data (some women have multiple rows)"
"mat_age","Maternal age at delivery admittance","2019-2023","_9_maternal_health","metric","Table 4, Table 5, Figure 6","Delivery Level Data (some women have multiple rows)"
"mat_age_cat","Categorical age at delivery admittance (range 12-55 y/o)","2019-2023","_9_maternal_health","metric","Table 4, Table 5, Figure 6","Delivery Level Data (some women have multiple rows)"
"SMM_AFE","Indicator variable if amniotic fluid embolism during delivery admittance","2019-2023","_9_maternal_health","metric","Table 4, Table 5, Figure 6","Delivery Level Data (some women have multiple rows)"
"SMM_AMI","Indicator variable if acute myocardial infarction during delivery admittance","2019-2023","_9_maternal_health","metric","Table 4, Table 5, Figure 6","Delivery Level Data (some women have multiple rows)"
"SMM_aneurysm","Indicator variable if aneurysm during delivery admittance","2019-2023","_9_maternal_health","metric","Table 4, Table 5, Figure 6","Delivery Level Data (some women have multiple rows)"
"SMM_anth","Indicator variable if severe anesthesia complications during delivery admittance","2019-2023","_9_maternal_health","metric","Table 4, Table 5, Figure 6","Delivery Level Data (some women have multiple rows)"
"SMM_ARDS","Indicator variable if acute respiratory distress syndrome during delivery admittance","2019-2023","_9_maternal_health","metric","Table 4, Table 5, Figure 6","Delivery Level Data (some women have multiple rows)"
"SMM_ARF","Indicator variable if acute renal failure during delivery admittance","2019-2023","_9_maternal_health","metric","Table 4, Table 5, Figure 6","Delivery Level Data (some women have multiple rows)"
"SMM_bld_trnsf","Indicator variable if blood transfusion during delivery admittance","2019-2023","_9_maternal_health","metric","Table 4, Table 5, Figure 6","Delivery Level Data (some women have multiple rows)"
"SMM_card_rhy","Indicator variable if conversion of cardiac rhythm during delivery admittance","2019-2023","_9_maternal_health","metric","Table 4, Table 5, Figure 6","Delivery Level Data (some women have multiple rows)"
"SMM_DIC","Indicator variable if disseminated intravascular coagulation during delivery admittance","2019-2023","_9_maternal_health","metric","Table 4, Table 5, Figure 6","Delivery Level Data (some women have multiple rows)"
"SMM_eclmp","Indicator variable if eclampsia during delivery admittance","2019-2023","_9_maternal_health","metric","Table 4, Table 5, Figure 6","Delivery Level Data (some women have multiple rows)"
"SMM_emb","Indicator variable if air and thrombotic embolism during delivery admittance","2019-2023","_9_maternal_health","metric","Table 4, Table 5, Figure 6","Delivery Level Data (some women have multiple rows)"
"SMM_ht_atk","Indicator variable if heart failure or arrest during delivery admittance","2019-2023","_9_maternal_health","metric","Table 4, Table 5, Figure 6","Delivery Level Data (some women have multiple rows)"
"SMM_hyst","Indicator variable if hysterectomy during delivery admittance","2019-2023","_9_maternal_health","metric","Table 4, Table 5, Figure 6","Delivery Level Data (some women have multiple rows)"
"SMM_Mat_SC","Indicator variable if sickle cell crisis during delivery admittance","2019-2023","_9_maternal_health","metric","Table 4, Table 5, Figure 6","Delivery Level Data (some women have multiple rows)"
"SMM_PC","Indicator variable if puerperal cerebrovascular during delivery admittance","2019-2023","_9_maternal_health","metric","Table 4, Table 5, Figure 6","Delivery Level Data (some women have multiple rows)"
"SMM_PE","Indicator variable if pulmonary edema during delivery admittance","2019-2023","_9_maternal_health","metric","Table 4, Table 5, Figure 6","Delivery Level Data (some women have multiple rows)"
"SMM_sepsis","Indicator variable if sepsis during delivery admittance","2019-2023","_9_maternal_health","metric","Table 4, Table 5, Figure 6","Delivery Level Data (some women have multiple rows)"
"SMM_shock","Indicator variable if shock during delivery admittance","2019-2023","_9_maternal_health","metric","Table 4, Table 5, Figure 6","Delivery Level Data (some women have multiple rows)"
"SMM_tem_trach","Indicator variable if temporary tracheostomy during delivery admittance","2019-2023","_9_maternal_health","metric","Table 4, Table 5, Figure 6","Delivery Level Data (some women have multiple rows)"
"SMM_vent","Indicator variable if ventilation during delivery admittance","2019-2023","_9_maternal_health","metric","Table 4, Table 5, Figure 6","Delivery Level Data (some women have multiple rows)"
"SMM_vfib","Indicator variable if cardiac arrest or vfib during delivery admittance","2019-2023","_9_maternal_health","metric","Table 4, Table 5, Figure 6","Delivery Level Data (some women have multiple rows)"
"tot_deliv_adm","Total number of delivery admittances a person has had","2019-2023","_9_maternal_health","metric","Table 4, Table 5, Figure 6","Delivery Level Data (some women have multiple rows)"
"age","Continuous age variable - stops at age of death if individual has passed away or at end of 2023","","all (shared)","background","Available on every person-level dataset; usable as a stratifier for any main-report table or figure",""
"age_cat_a","Binary stratification of age: under 21 (age < 21) and 21 and over (age >= 21), at the end of 2023 or time of death. A 21-year-old falls in the 21-and-over group.","","all (shared)","background","Available on every person-level dataset; usable as a stratifier for any main-report table or figure",""
"age_cat_b","10 year categorical age groupings at the end of 2023 or time of death","","all (shared)","background","Available on every person-level dataset; usable as a stratifier for any main-report table or figure",""
"age_cat_c","10 year categorical age groupings with further granularity in children (0-2, 3-5, 6-10) at the end of 2023 or time of death","","all (shared)","background","Available on every person-level dataset; usable as a stratifier for any main-report table or figure",""
"best_dx","Best category (genotype) of SCD diagnosis based on linked administrative data","","all (shared)","background","Available on every person-level dataset; usable as a stratifier for any main-report table or figure",""
"best_eth","Best ethnic category based on linked administrative data","","all (shared)","background","Available on every person-level dataset; usable as a stratifier for any main-report table or figure",""
"best_race","Best racial category based on linked administrative data","","all (shared)","background","Available on every person-level dataset; usable as a stratifier for any main-report table or figure",""
"county_2021","County of residence in 2021 - county numeric code","2021","all (shared)","background","Available on every person-level dataset; usable as a stratifier for any main-report table or figure",""
"county_2022","County of residence in 2022 - county numeric code","2022","all (shared)","background","Available on every person-level dataset; usable as a stratifier for any main-report table or figure",""
"county_2023","County of residence in 2023 - county numeric code","2023","all (shared)","background","Available on every person-level dataset; usable as a stratifier for any main-report table or figure",""
"countynm2021","County of residence in 2021 - county name - character","2021","all (shared)","background","Available on every person-level dataset; usable as a stratifier for any main-report table or figure",""
"countynm2022","County of residence in 2022 - county name - character","2022","all (shared)","background","Available on every person-level dataset; usable as a stratifier for any main-report table or figure",""
"countynm2023","County of residence in 2023 - county name - character","2023","all (shared)","background","Available on every person-level dataset; usable as a stratifier for any main-report table or figure",""
"in_clinical","Indicator variable of which individuals have data from SCD clinics","","all (shared)","background","Available on every person-level dataset; usable as a stratifier for any main-report table or figure",""
"in_nbs","Indicator variable of which individuals have data from new born screening","","all (shared)","background","Available on every person-level dataset; usable as a stratifier for any main-report table or figure",""
"main_county","The most recent county of residence - county numeric code","2021-2023","all (shared)","background","Available on every person-level dataset; usable as a stratifier for any main-report table or figure",""
"main_county_nm","The most recent county of residence - county name - character","2021-2023","all (shared)","background","Available on every person-level dataset; usable as a stratifier for any main-report table or figure",""
"moved_counties","Indicator variable of which individuals had more than one county of residence over the 3 years","2021-2023","all (shared)","background","Available on every person-level dataset; usable as a stratifier for any main-report table or figure",""
"moved_zips","Indicator variable of which individuals had more than one zip code of residence over the 3 years","2021-2023","all (shared)","background","Available on every person-level dataset; usable as a stratifier for any main-report table or figure",""
"new_unique_id","ID variable which identifies unique individuals. Use for linking across data sets","","all (shared)","background","Available on every person-level dataset; usable as a stratifier for any main-report table or figure",""
"prob_case","Indicator variable of which individuals are a probable case based on admis tritave data linkage","","all (shared)","background","Available on every person-level dataset; usable as a stratifier for any main-report table or figure",""
"Sex","Sex assigned at birth","","all (shared)","background","Available on every person-level dataset; usable as a stratifier for any main-report table or figure",""
"SVI_main","Social Vulnerability Index quartile","2021-2023","all (shared)","background","Available on every person-level dataset; usable as a stratifier for any main-report table or figure",""
"SVI2021","Social Vulnerability Index quartile 2021","2021","all (shared)","background","Available on every person-level dataset; usable as a stratifier for any main-report table or figure",""
"SVI2022","Social Vulnerability Index quartile 2022","2022","all (shared)","background","Available on every person-level dataset; usable as a stratifier for any main-report table or figure",""
"SVI2023","Social Vulnerability Index quartile 2023","2023","all (shared)","background","Available on every person-level dataset; usable as a stratifier for any main-report table or figure",""
"Zip2021","Zip code of residence in 2021","2021","all (shared)","background","Available on every person-level dataset; usable as a stratifier for any main-report table or figure",""
"Zip2022","Zip code of residence in 2022","2022","all (shared)","background","Available on every person-level dataset; usable as a stratifier for any main-report table or figure",""
"Zip2023","Zip code of residence in 2023","2023","all (shared)","background","Available on every person-level dataset; usable as a stratifier for any main-report table or figure",""
