"Dataset","UnitOfObservation","Period","MethodsDoc"
"_1_cohort","One row per person","2021-2023","02-cohort-and-populations.md"
"_2_demographics","One row per person","2021-2023","03-metric-definitions.md#prevalence-and-demographics"
"_3_ed_access_to_care","One row per person","2021-2023","03-metric-definitions.md#emergency-department"
"_4_hospital_access_to_care","One row per person","2021-2023","03-metric-definitions.md#inpatient-admissions"
"_5_ed_hospital_revisits","One row per person","2021-2023","03-metric-definitions.md#revisits"
"_6_enrollment_access_to_care","One row per person","2021-2023","03-metric-definitions.md#medi-cal-enrollment-and-program-coverage"
"_7_screenings","One row per person","2021-2023","03-metric-definitions.md#preventive-screenings"
"_8_birth_death","One row per county per year","2014-2023","03-metric-definitions.md#mortality"
"_8a_Deaths_2","One row per decedent","2014-2023","03-metric-definitions.md#mortality"
"_9_maternal_health","One row per delivery admission; people with no delivery keep a single row","2019-2023","03-metric-definitions.md#maternal-morbidity"
"_10_access_to_care_ambulatory","One row per person","2021-2023","03-metric-definitions.md#outpatient-visits-and-provider-access"
"_11_medications","One row per person","2021-2023","03-metric-definitions.md#medications"
