"ReportLocation","Metric","ReportCaption","DataSource","Population","Dataset","KeyVariables","StratificationsAvailable","RecutNotes","MethodsDoc"
"Table 1","Data sources","Administrative Data sources used in the 2026 California SCD Surveillance Report","n/a","n/a","n/a","n/a","n/a","Reference table, not a metric. Nothing to re-cut.","01-data-sources.md"
"Table 2","Demographic characteristics","Demographic Characteristics of Californians living with SCD, 2021 - 2023","CA-SCDC cohort","All people with SCD","_2_demographics","sex, age, age_cat_a/b/c, best_race, best_eth, best_dx, main_county_nm","sex; age (continuous and all three age categories); race; ethnicity; genotype; county; SVI","Per-year breakdown available (2021, 2022, 2023 built separately). Any demographic variable can be crossed with any other.","03-metric-definitions.md#prevalence-and-demographics"
"Table 3","Housing instability and SVI","Housing Instability and Social Vulnerability Index (SVI) Experiences Among Californians with SCD, 2021 - 2023","CA-SCDC cohort","All people with SCD","_2_demographics","SVI2021, SVI2022, SVI2023, SVI_main, moved_zips, moved_counties, zip2021-2023","sex; age (continuous and all three age categories); race; ethnicity; genotype; county; SVI","Per-year breakdown available (2021, 2022, 2023 built separately). SVI is a quartile, so cuts by SVI are already coarse; crossing SVI with county will usually suppress.","03-metric-definitions.md#prevalence-and-demographics"
"Figure 1","Sex and age distribution","Sex and Age Distributions of Californians Living with SCD, 2021 - 2023","CA-SCDC cohort","All people with SCD","_2_demographics","sex, age, age_cat_b, age_cat_c","sex; age (continuous and all three age categories); race; ethnicity; genotype; county; SVI","Age categories are fixed at end of 2023 or at date of death, so an age pyramid cannot be produced per year from these variables.","03-metric-definitions.md#prevalence-and-demographics"
"Figure 2","Geographic distribution","Geographic Distribution of Californians with SCD, 2021 - 2023","CA-SCDC cohort","All people with SCD","_2_demographics","main_county, main_county_nm, countynm2021-2023, plus every person-level stratifier","sex; age (continuous and all three age categories); race; ethnicity; genotype; county; SVI","The published map is county only, but _2_demographics is person-level, so county can be crossed with age, sex, race, ethnicity, genotype or SVI - a county count split by age_cat_a (under 21 / 21 and over) needs no re-run. County-level cuts will often suppress at <11. Crossing county with a second variable suppresses in all but the largest counties, so expect a statewide age split plus county totals to be releasable where the full cross is not. Sub-county geography (ZIP) exists in the data but is not released at that grain.","03-metric-definitions.md#prevalence-and-demographics"
"Figure 3","Newborn positive screens","Newborns with Positive SCD Screening (CA), 2014 - 2023","Newborn screening","Newborns screening positive, birth year 2014-2023","_8_birth_death","total_birth, male_birth, female_birth, year, county_name","county; year; sex","County-year aggregate. Cannot be cut by race, ethnicity, genotype or SVI - those are person-level and this dataset is not.","03-metric-definitions.md#mortality"
"Figure 4","Newborn screens by geography","Geographic Distribution of Newborns with Positive SCD Screening (CA), 2014 - 2023","Newborn screening","Newborns screening positive, birth year 2014-2023","_8_birth_death","total_birth, county_name, year","county; year","County-year aggregate; see Figure 3. County-level cuts will often suppress at <11.","03-metric-definitions.md#mortality"
"Figure 5","Genotype among newborn screens","Proportion of SCD Genotypes Among Newborns with Positive SCD Screening (CA), 2014 - 2023","Newborn screening","Newborns screening positive, birth year 2014-2023","_1_cohort","best_dx, in_nbs, birth_dt","genotype; birth year; sex; county of birth","Built from the person-level cohort restricted to in_nbs=1 and birth year after 2013, not from the county-year file.","03-metric-definitions.md#mortality"
"Table 4","Metrics among females with deliveries","Metrics among females with delivery admissions 2019-2023","HCAI inpatient","Females of reproductive age with SCD, 2019-2023","_9_maternal_health","delivery_adm, tot_deliv_adm, delivery_order, delivery_yr, mat_age, mat_age_cat, live_del","maternal age at delivery; delivery year; county of delivery; race; ethnicity; genotype","DELIVERY-LEVEL: one row per delivery admission. A row count is deliveries; a distinct new_unique_id count is women. State which you want. Age means maternal age at that delivery, not the person age band used elsewhere.","03-metric-definitions.md#maternal-morbidity"
"Table 5","Delivery admissions and SMM","Delivery Admissions and Severe Maternal Morbidity (SMM) Among Females of Reproductive Age with SCD (CA), 2019 - 2023","HCAI inpatient","Females of reproductive age with SCD, 2019-2023","_9_maternal_health","any_SMM, the 21 SMM_* indicators, delivery_yr, mat_age_cat","maternal age at delivery; delivery year; county of delivery; race; ethnicity; genotype","Delivery-level, as Table 4. Most individual SMM indicators are already at or below the suppression threshold, so a stratified request will usually return only any_SMM. Severe anesthesia complications are known to be under-captured - see code-lists.md.","03-metric-definitions.md#maternal-morbidity"
"Figure 6","SMM vs other populations","Prevalence of Severe Maternal Morbidity Among Californians living with SCD Compared to Other Populations of Interest, 2019 - 2023","HCAI inpatient + external","Females of reproductive age with SCD, plus published comparison populations","_9_maternal_health","any_SMM","maternal age at delivery; delivery year","The comparison populations come from published external sources, not from this pipeline, and cannot be re-cut. Only the SCD bar is ours.","03-metric-definitions.md#maternal-morbidity"
"Table 6","Deaths","Deaths Among Californians with SCD, 2014 - 2023","Vital records","People with SCD who died 2014-2023","_8_birth_death","total_death, male_death, female_death, med_dt_age, m_med_dt_age, f_med_dt_age, dt_age_cat_1 to _7, year, county_name","county; year; sex; age-at-death band","County-year aggregate. Cannot be cut by race, ethnicity, genotype or SVI. If you need mortality by those, it is a different request against the person-level cohort, not a re-cut of this table.","03-metric-definitions.md#mortality"
"Figure 7","Proportionate mortality by cause","Proportionate Mortality by Underlying Cause of Death Among Californians with SCD, 2014 - 2023","Vital records","People with SCD who died 2014-2023","_8a_Deaths_2","cause_category, cause_subcat, death_yr","cause category; cause subcategory; year of death","Person-level, so in principle it can be crossed with demographics - but cause subcategories are already thin and most crosses will suppress. Cardiovascular and external causes have subcategory detail; other body systems do not.","03-metric-definitions.md#mortality"
"Figure 8","Deaths by geography","Geographic Distribution of Deaths Among Californians with SCD, 2014 - 2023","Vital records","People with SCD who died 2014-2023","_8_birth_death","total_death, county_name, year","county; year","County-year aggregate; see Table 6. County-level cuts will often suppress at <11.","03-metric-definitions.md#mortality"
"Figure 9","Median age at death by sex","Median Age at Death Among Californians with SCD by Sex, 2014 - 2023","Vital records","People with SCD who died 2014-2023","_8_birth_death","med_dt_age, m_med_dt_age, f_med_dt_age, year, county_name","sex; year; county","County-year aggregate. A median cannot be recomputed for a subgroup from these pre-aggregated medians - a different subgroup median is a new calculation, not a re-cut.","03-metric-definitions.md#mortality"
"Table 7","Medi-Cal enrollment by year","Medi-Cal Enrollment Among Californians Living with SCD by Year, 2021 - 2023","Medi-Cal eligibility","All people with SCD","_6_enrollment_access_to_care","any_mc_elig, any_mc_elig_21/22/23, full_mc_elig, full_mc_elig_21/22/23, months_elig_21/22/23","sex; age (continuous and all three age categories); race; ethnicity; genotype; county; SVI","Per-year breakdown available (2021, 2022, 2023 built separately). Largest denominators in the report, so this is the safest table to stratify - county cuts are usually viable here even where they are not elsewhere.","03-metric-definitions.md#medi-cal-enrollment-and-program-coverage"
"Table 8","Enrollment by year and sex","Medi-Cal Enrollment Among Californians Living with SCD by Year and Sex, 2021 - 2023","Medi-Cal eligibility","All people with SCD","_6_enrollment_access_to_care","any_mc_elig*, full_mc_elig*, sex","sex; age (continuous and all three age categories); race; ethnicity; genotype; county; SVI","Per-year breakdown available (2021, 2022, 2023 built separately). Already stratified by sex; any other stratifier can be substituted or added.","03-metric-definitions.md#medi-cal-enrollment-and-program-coverage"
"Table 9","Enrollment by year and age","Medi-Cal Enrollment Among Californians Living with SCD by Year and Age (Under 21 and 21 and Over), 2021 - 2023","Medi-Cal eligibility","All people with SCD","_6_enrollment_access_to_care","any_mc_elig*, full_mc_elig*, age_cat_a","sex; age (continuous and all three age categories); race; ethnicity; genotype; county; SVI","Per-year breakdown available (2021, 2022, 2023 built separately). Published using the binary age split (age_cat_a). Finer bands are available without a re-run via age_cat_b (10-year) or age_cat_c (10-year with child detail).","03-metric-definitions.md#medi-cal-enrollment-and-program-coverage"
"Table 10","CCS and GHPP enrollment","CCS and GHPP Enrollment Among Californians Living with SCD, 2021 - 2023","Medi-Cal eligibility","CCS: under 21 with Medi-Cal. GHPP: 21+ with Medi-Cal","_6_enrollment_access_to_care","CCS_enrolled, GHPP_enrolled, age_cat_a, any_mc_elig","sex; age; race; ethnicity; genotype; county; SVI","Per-year breakdown NOT available - the underlying flag is built once across 2021-2023. A per-year cut requires re-running the pipeline. Denominators are restricted by age by definition (CCS under 21, GHPP 21+), so an age-band cut subsets an already age-restricted group. GHPP counts are small - roughly 200 people - so most crosses will suppress.","03-metric-definitions.md#medi-cal-enrollment-and-program-coverage"
"Figure 10","Medi-Cal enrollment","Medi-Cal Enrollment Among Californians Living with SCD, 2021 - 2023","Medi-Cal eligibility","All people with SCD","_6_enrollment_access_to_care","any_mc_elig*, full_mc_elig*","sex; age (continuous and all three age categories); race; ethnicity; genotype; county; SVI","Per-year breakdown available (2021, 2022, 2023 built separately).","03-metric-definitions.md#medi-cal-enrollment-and-program-coverage"
"Table 11","Preventive screening claims","Preventative Care Screening Claims Among Californians Living with SCD with Continuous Medi-Cal Enrollment, 2021 - 2023","Medi-Cal claims","Continuous Medi-Cal enrollment; each screening has its own age window","_7_screenings","tcd_count, tcd_screen, cbc_count, cbc_screen, microal_count, microal_screen, opth_count, opth_screen","sex; age; race; ethnicity; genotype; county; SVI","Per-year breakdown NOT available - the underlying flag is built once across 2021-2023. A per-year cut requires re-running the pipeline. Each screening has its own age eligibility (TCD 2 to under 19; CBC, microalbumin and ophthalmology 10+), so an age cut interacts with eligibility rather than simply subsetting. Also reported for the any-enrollment and SCA populations in the appendix.","03-metric-definitions.md#preventive-screenings"
"Figure 11","Screening claim rates","Percent of Californians Living with SCD with Continuous Medi-Cal Enrollment Who Had at Least One Medi-Cal Claim for Routine Screenings, 2021 - 2023","Medi-Cal claims","Continuous Medi-Cal enrollment; per-screening age windows","_7_screenings","*_count, *_screen","sex; age; race; ethnicity; genotype; county; SVI","Per-year breakdown NOT available - the underlying flag is built once across 2021-2023. A per-year cut requires re-running the pipeline.","03-metric-definitions.md#preventive-screenings"
"Table 12","Medication fills","Medication Fills Among Californians Living with SCD Who Had Continuous Medi-Cal Enrollment, 2021 - 2023","Medi-Cal pharmacy claims","Continuous Medi-Cal enrollment; each drug has its own age window","_11_medications","any_presc_antibiotic, any_presc_HU, any_presc_Endari, any_presc_Adakveo, any_presc_Oxbryta, presc_*_21/22/23, elig_ab/hu/endari/adakveo/oxbryta_any/21/22/23","sex; age; race; ethnicity; genotype; county; SVI","Per-year breakdown available (2021, 2022, 2023 built separately). The denominator IS an age window (elig_* flags), so an age-band cut interacts with eligibility rather than subsetting a fixed group. Antibiotic prophylaxis has roughly 300 eligible children, so county or race cuts on that row will mostly suppress. Also reported for any-enrollment and SCA in the appendix.","03-metric-definitions.md#medications"
"Table 13","Sustained medication fills","Sustained Medication Fills Among Californians Living with SCD Who Had Continuous Medi-Cal Enrollment, 2021 - 2023","Medi-Cal pharmacy claims","Continuous Medi-Cal enrollment; per-drug age windows","_11_medications","AB_300_fill, AB_900_fill, AB_total_days, ave_AB_fill, HU_300_fill, HU_900_fill, HU_total_days, ave_HU_fill, elig_*","sex; age; race; ethnicity; genotype; county; SVI","Per-year breakdown available (2021, 2022, 2023 built separately). Sustained-use percentages are a conservative lower bound: a child eligible for only part of a year stays in the denominator but cannot accrue 300 supply days. Numerators are very small (tens of people), so almost any stratification will suppress.","03-metric-definitions.md#medications"
"Figure 12","Medication fills (at least one)","Medication Fills (>=1) Among Californians Living with SCD Who Had Continuous Medi-Cal Enrollment, 2021 - 2023","Medi-Cal pharmacy claims","Continuous Medi-Cal enrollment; per-drug age windows","_11_medications","any_presc_*, elig_*","sex; age; race; ethnicity; genotype; county; SVI","Per-year breakdown available (2021, 2022, 2023 built separately).","03-metric-definitions.md#medications"
"Table 14","Outpatient visits by year","Outpatient Visits Among Californians Living with SCD With Continuous Medi-Cal Enrollment by Year, 2021 - 2023","Medi-Cal claims","Continuous Medi-Cal enrollment","_10_access_to_care_ambulatory","any_amb_vis, any_amb_vis_21/22/23, amb_count_21/22/23, total_amb_count, amb_vis_cat","sex; age (continuous and all three age categories); race; ethnicity; genotype; county; SVI","Per-year breakdown available (2021, 2022, 2023 built separately). The 2021 figure may be understated by a claims-coding change affecting that year - see the methods doc before using 2021 on its own.","03-metric-definitions.md#outpatient-visits-and-provider-access"
"Table 15","Outpatient visits by age","Outpatient Visits Among Californians Living with SCD With Continuous Medi-Cal Enrollment by Age, 2021 - 2023","Medi-Cal claims","Continuous Medi-Cal enrollment","_10_access_to_care_ambulatory","any_amb_vis*, amb_vis_cat, age_cat_a/b/c","sex; age (continuous and all three age categories); race; ethnicity; genotype; county; SVI","Per-year breakdown available (2021, 2022, 2023 built separately). Published using the binary age split; 10-year bands are available without a re-run.","03-metric-definitions.md#outpatient-visits-and-provider-access"
"Figure 13","Outpatient visits by age","Outpatient Visits Among Californians Living with SCD With Continuous Medi-Cal Enrollment by Age, 2021 - 2023","Medi-Cal claims","Continuous Medi-Cal enrollment","_10_access_to_care_ambulatory","any_amb_vis*, amb_vis_cat, age_cat_a/b/c","sex; age (continuous and all three age categories); race; ethnicity; genotype; county; SVI","Per-year breakdown available (2021, 2022, 2023 built separately).","03-metric-definitions.md#outpatient-visits-and-provider-access"
"Table 16","Provider visit types by age","Provider Visit Types Among Californians Living with SCD Who Had Continuous Medi-Cal Enrollment by Age, 2021 - 2023","Medi-Cal claims + NPPES","Continuous Medi-Cal enrollment","_10_access_to_care_ambulatory","had_SCD_exp_care, had_hema_care, had_SCD_hema_care, had_SCD_gp_care, SCD_exp_visit, hema_visit, scd_hema_visit, scd_gp_visit","sex; age; race; ethnicity; genotype; county; SVI","Per-year breakdown NOT available - the underlying flag is built once across 2021-2023. A per-year cut requires re-running the pipeline. Provider-type classification depends on an external provider registry; see the methods doc for how a provider is judged SCD-experienced.","03-metric-definitions.md#outpatient-visits-and-provider-access"
"Table 17","Provider visit types by sex","Provider Visit Types Among Californians Living with SCD Who Had Continuous Medi-Cal Enrollment by Sex, 2021 - 2023","Medi-Cal claims + NPPES","Continuous Medi-Cal enrollment","_10_access_to_care_ambulatory","had_SCD_exp_care, had_hema_care, had_SCD_hema_care, had_SCD_gp_care","sex; age; race; ethnicity; genotype; county; SVI","Per-year breakdown NOT available - the underlying flag is built once across 2021-2023. A per-year cut requires re-running the pipeline.","03-metric-definitions.md#outpatient-visits-and-provider-access"
"Figure 14","Specialist access by age","Percent of Californians Living with SCD with Continuous Medi-Cal Enrollment with SCD-experienced provider and hematologist visits by age, 2021 - 2023","Medi-Cal claims + NPPES","Continuous Medi-Cal enrollment","_10_access_to_care_ambulatory","had_SCD_exp_care, had_hema_care, age_cat_a/b","sex; age; race; ethnicity; genotype; county; SVI","Per-year breakdown NOT available - the underlying flag is built once across 2021-2023. A per-year cut requires re-running the pipeline.","03-metric-definitions.md#outpatient-visits-and-provider-access"
"Table 18","ED visit utilization by year","ED Visit Utilization Among People Living with SCD by Year, 2021 - 2023","HCAI emergency department (all-payer)","All people with SCD - NOT restricted by Medi-Cal coverage","_3_ed_access_to_care","ed_use_total, ed_use_21/22/23, ed_visit_count_total, ed_visit_count_21/22/23","sex; age (continuous and all three age categories); race; ethnicity; genotype; county; SVI","Per-year breakdown available (2021, 2022, 2023 built separately). All-payer source, so denominators are the full cohort and are larger than the Medi-Cal tables. County cuts are more often viable here.","03-metric-definitions.md#emergency-department"
"Figure 15","ED visit frequency","(A) Categorical Frequency of ED Visits Among Californians with SCD, 2021 - 2023 (B) Frequency of ED Visits Among People Living with SCD by Category of Use (CA), 2021 - 2023","HCAI emergency department (all-payer)","All people with SCD","_3_ed_access_to_care","ed_use_total, ed_visit_count_total","sex; age (continuous and all three age categories); race; ethnicity; genotype; county; SVI","Per-year breakdown available (2021, 2022, 2023 built separately). Values are totals per person across the full three-year period, not annual totals.","03-metric-definitions.md#emergency-department"
"Figure 16","ED utilization by age","ED Utilization Among Californians Living with SCD by Age, 2021 - 2023","HCAI emergency department (all-payer)","All people with SCD","_3_ed_access_to_care","ed_use_total, ed_visit_count_total, age_cat_a/b/c","sex; age (continuous and all three age categories); race; ethnicity; genotype; county; SVI","Per-year breakdown available (2021, 2022, 2023 built separately).","03-metric-definitions.md#emergency-department"
"Table 19","SCD complications during ED visits","SCD Complications during ED Visits Among Californians with SCD, 2021 - 2023","HCAI emergency department (all-payer)","All people with SCD","_3_ed_access_to_care","ed_flag_<condition> for visit counts; ed_flag_any_comp; ed_any_<condition> for percent of people","sex; age (continuous and all three age categories); race; ethnicity; genotype; county; SVI","Per-year breakdown NOT available - the underlying flag is built once across 2021-2023. A per-year cut requires re-running the pipeline. VISIT-LEVEL: both published columns are denominated in ED visits (37,917 visits, 17,212 complications), so the ed_flag_* counts are what is tabulated. Use ed_any_* instead if you want a percentage OF PEOPLE - a different quantity. A visit can carry more than one complication, so the rows do not sum to the total. Priapism is shown against male visits only and is excluded from the complication-share column. Individual complications are thin; splenic sequestration in particular. Venous thromboembolism is known to be under-captured - see code-lists.md.","03-metric-definitions.md#emergency-department"
"Table 20","Inpatient admissions","Inpatient Admissions Among Californians with SCD, 2021-2023","HCAI inpatient (all-payer)","All people with SCD - NOT restricted by Medi-Cal coverage","_4_hospital_access_to_care","hosp_use_total, hosp_use_21/22/23, hosp_visit_count_total, hosp_visit_count_21/22/23","sex; age (continuous and all three age categories); race; ethnicity; genotype; county; SVI","Per-year breakdown available (2021, 2022, 2023 built separately).","03-metric-definitions.md#inpatient-admissions"
"Table 21","Inpatient admission outcomes","Inpatient Admission Outcomes Among Californians with SCD, 2021 - 2023","HCAI inpatient (all-payer)","All people with SCD","_4_hospital_access_to_care","los_avg, tot_fromED","sex; age (continuous and all three age categories); race; ethnicity; genotype; county; SVI","Per-year breakdown NOT available - the underlying flag is built once across 2021-2023. A per-year cut requires re-running the pipeline. los_avg is a per-person average, so a subgroup average is a new calculation rather than a re-cut - and the published median length of stay is computed at run time, not stored as a variable. Admissions that began as ED visits are counted against all admissions (18,562), not against people. Complications moved to Table 22.","03-metric-definitions.md#inpatient-admissions"
"Figure 17","Inpatient admission frequency","(A) Categorical Frequency of Inpatient Admissions Among Californians with SCD, 2021 - 2023 (B) Frequency of Inpatient Admissions Among People Living with SCD by Category of Use (CA), 2021 - 2023","HCAI inpatient (all-payer)","All people with SCD","_4_hospital_access_to_care","hosp_use_total, hosp_visit_count_total","sex; age (continuous and all three age categories); race; ethnicity; genotype; county; SVI","Per-year breakdown available (2021, 2022, 2023 built separately). Values are totals per person across the full three-year period, not annual totals.","03-metric-definitions.md#inpatient-admissions"
"Figure 18","Inpatient admissions by age","Inpatient Admissions Among Californians Living with SCD by Age, 2021 - 2023","HCAI inpatient (all-payer)","All people with SCD","_4_hospital_access_to_care","hosp_use_total, hosp_visit_count_total, age_cat_a/b/c","sex; age (continuous and all three age categories); race; ethnicity; genotype; county; SVI","Per-year breakdown available (2021, 2022, 2023 built separately).","03-metric-definitions.md#inpatient-admissions"
"Table 22","SCD complications during inpatient admission","SCD Complications during Inpatient Admission Among Californians with SCD, 2021 - 2023","HCAI inpatient (all-payer)","All people with SCD","_4_hospital_access_to_care","hosp_flag_<condition> for admission counts; hosp_flag_any_comp; hosp_any_<condition> for percent of people","sex; age (continuous and all three age categories); race; ethnicity; genotype; county; SVI","Per-year breakdown NOT available - the underlying flag is built once across 2021-2023. A per-year cut requires re-running the pipeline. ADMISSION-LEVEL, the inpatient counterpart of Table 19: both published columns are denominated in admissions (18,562 admissions, 22,121 complications), so the hosp_flag_* counts are what is tabulated. Use hosp_any_* for a percentage OF PEOPLE. An admission can carry more than one complication. Venous thromboembolism is known to be under-captured - see code-lists.md.","03-metric-definitions.md#inpatient-admissions"
"Table 23","Revisits, all people","Hospital or ED Revisits Within 7 or 30 Days of Initial Discharge Among All Californians with SCD, 2021 - 2023","HCAI ED + inpatient (all-payer)","All people with SCD","_5_ed_hospital_revisits","revisit_7day_flag, revisit_30day_flag, ED_ED_7days, ED_ED_30days, ED_PD_7days, ED_PD_30days, PD_ED_7days, PD_ED_30days, PD_PD_7days, PD_PD_30days","sex; age (continuous and all three age categories); race; ethnicity; genotype; county; SVI","Per-year breakdown NOT available - the underlying flag is built once across 2021-2023. A per-year cut requires re-running the pipeline. The 7-day group is a subset of the 30-day group - do not add them. Denominator is the whole cohort; Table 24 reports the same measures against people eligible to revisit.","03-metric-definitions.md#revisits"
"Table 24","Revisits among people with a prior visit","Hospital or ED Revisits Within 7 or 30 Day of Initial Discharge Among Californians Living with SCD Who are Eligible with At Least One Prior Visit, 2021 - 2023","HCAI ED + inpatient (all-payer)","People with at least one prior ED visit or admission","_5_ed_hospital_revisits","revisit_*_flag, the four transition-type counts","sex; age (continuous and all three age categories); race; ethnicity; genotype; county; SVI","Per-year breakdown NOT available - the underlying flag is built once across 2021-2023. A per-year cut requires re-running the pipeline. Differs from Table 23 only in denominator. Check which you mean.","03-metric-definitions.md#revisits"
"Figure 19","Revisit rates","Hospital or ED Visits Within 7 or 30 days of Initial Discharge Among Californians Living with SCD Who are Eligible with At Least One Prior Visit, 2021 - 2023","HCAI ED + inpatient (all-payer)","People with at least one prior ED visit or admission","_5_ed_hospital_revisits","revisit_*_flag, transition-type counts","sex; age (continuous and all three age categories); race; ethnicity; genotype; county; SVI","Per-year breakdown NOT available - the underlying flag is built once across 2021-2023. A per-year cut requires re-running the pipeline.","03-metric-definitions.md#revisits"
"Table 25","Individual-level ED and inpatient reliance","Individual-Level ED Reliance Ratio and Inpatient Reliance Ratio Among Californians Living with SCD Who Had Medi-Cal Enrollment, 2021 - 2023","HCAI + Medi-Cal claims combined","Medi-Cal enrolled - required, because the outpatient component is only observable for them","derived from _3, _4, _6 and _10 (no saved dataset)","ind_EDR, ind_IRR, high_EDR, encounters; built from ed_visit_count_total, hosp_visit_count_total, total_amb_count","sex; age; race; ethnicity; genotype; county; SVI","Per-year breakdown NOT available - the underlying flag is built once across 2021-2023. A per-year cut requires re-running the pipeline. High reliance is EDR >= 0.33 at the INDIVIDUAL level; that threshold must not be applied to a county aggregate, which is visit-volume weighted and a different quantity. Reliance is undefined for people with no encounters at all and they are excluded from the denominator. Adult-only and other subgroup cuts are available - age_cat_a is present in the merged data.","03-metric-definitions.md#ed-and-inpatient-reliance"
"Figure 20","County-level ED reliance","County-level Emergency Department Reliance Ratio Among Californians Living with SCD Who Had Continuous Medi-Cal Enrollment, 2021 - 2023","HCAI + Medi-Cal claims combined","Medi-Cal enrolled","derived from _3, _4, _6 and _10 (no saved dataset)","EDR, IRR (county aggregates), main_county_nm","county","Per-year breakdown NOT available - the underlying flag is built once across 2021-2023. A per-year cut requires re-running the pipeline. County figures are computed on summed visit counts, not as an average of individual ratios, so a county value is weighted by high utilisers. Do not read a county EDR as the share of its residents with high reliance.","03-metric-definitions.md#ed-and-inpatient-reliance"
